StartDate,EndDate,Status,IPAddress,Progress,Duration (in seconds),Finished,RecordedDate,ResponseId,RecipientLastName,RecipientFirstName,RecipientEmail,ExternalReference,LocationLatitude,LocationLongitude,DistributionChannel,UserLanguage,Participant Consent,English,English_4_TEXT,Q4,Age,Hearing loss,Vision,Quiet,Quiet 2.0,Audio,Visual Practice 1_1,Visual Practice 2_1,Visual Practice 3_1,H1_4_1,H2_4_1,H3_4_1,H4_4_1,K1_4_1,K2_4_1,K3_4_1,K4_4_1,H1_3_1,H2_3_1,H3_3_1,H4_3_1,K1_3_1,K2_3_1,K3_3_1,K4_3_1,Mid-study Check V_1,H1_1_1,H2_1_1,H3_1_1,H4_1_1,K1_1_1,K2_1_1,K3_1_1,K4_1_1,H1_2_1,H2_2_1,H3_2_1,H4_2_1,K1_2_1,K2_2_1,K3_2_1,K4_2_1,Practice A+V 1_1,Practice A+V 2_1,Practice A+V 3_1,Hiragana1VoicedGA_1,Hiragana2VoicedGA_1,Hiragana3VoicedGA_1,Hiragana4VoicedGA_1,Katakana1VoicedGA_1,Katakana2VoicedGA_1,Katakana3VoicedGA_1,Katakana4VoicedGA_1,Hiragana1VoicedZA_1,Hiragana2VoicedZA_1,Hiragana3VoicedZA_1,Hiragana4VoicedZA_1,Katakana1VoicedZA_1,Mid-study check A+V_1,Katakana2VoicedZA_1,Katakana3VoicedZA_1,Katakana4VoicedZA_1,Hiragana1VoicelessSA_1,Hiragana2VoicelessSA_1,Hiragana3VoicelessSA_1,Hiragana4VoicelessSA_1,Katagana1VoicelessSA_1,Katakana2VoicelessSA_1,Katakana3VoicelessSA_1,Katakana4VoicelessSA_1,Hiragana1VoicelessKA_1,Hiragana2VoicelessKA_1,Hiragana3VoicelessKA_1,Hiragana4VoicelessKA_1,Katagana1VoicelessKA_1,Katakana2VoicelessKA_1,Katakana3VoicelessKA_1,Katakana4VoicelessKA_1,Sex,Gender,Ethnicity,Languages 1,Languages 2,Languages 3,Fin.Attention Check
Start Date,End Date,Response Type,IP Address,Progress,Duration (in seconds),Finished,Recorded Date,Response ID,Recipient Last Name,Recipient First Name,Recipient Email,External Data Reference,Location Latitude,Location Longitude,Distribution Channel,User Language,"Select ‘Agree’ if you have read, understand, and agree to the Informed Consent above.",What is your level of English fluency? - Selected Choice,What is your level of English fluency? - Other: - Text,What is your level of exposure to Japanese language or writing?,What is your age?,Do you have any hearing impairments that are not corrected?,Do you have any vision loss that is not corrected?,Are you in a quiet space?,"If you are not in a quiet space, can you move yourself to one?",Does your device have a working audio system?,ま - 1,の - 1,ロ - 1,あ - 1,ぬ - 1,ね - 1,ゆ - 1,モ - 1,オ - 1,セ - 1,ヨ - 1,あ - 1,ぬ - 1,ね - 1,ゆ - 1,モ - 1,オ - 1,セ - 1,ヨ - 1,Please drag the slider to the very left. - 1,あ - 1,ぬ - 1,ね - 1,ゆ - 1,モ - 1,オ - 1,セ - 1,ヨ - 1,あ - 1,ぬ - 1,ね - 1,ゆ - 1,モ - 1,オ - 1,セ - 1,ヨ - 1,ま - 1,の - 1,ロ - 1,あ - 1,ぬ - 1,ね - 1,ゆ - 1,モ - 1,オ - 1,セ - 1,ヨ - 1,あ - 1,ぬ - 1,ね - 1,ゆ - 1,モ - 1,Please drag the slider to the very left. - 1,オ - 1,セ - 1,ヨ - 1,あ - 1,ぬ - 1,ね - 1,ゆ - 1,モ - 1,オ - 1,セ - 1,ヨ - 1,あ - 1,ぬ - 1,ね - 1,ゆ - 1,モ - 1,オ - 1,セ - 1,ヨ - 1,What is your sex assigned at birth?,What is your gender?,What is your race/ethnicity?,Please indicate any languages you are fluent in speaking:,Please indicate any languages you are proficient in speaking:,Please indicate any languages you have had significant exposure to regardless of language proficiency,"When completing the survey, how closely were you paying attention to the instruction and the study trials? Please be honest in answering this question."
"{""ImportId"":""startDate"",""timeZone"":""America/Denver""}","{""ImportId"":""endDate"",""timeZone"":""America/Denver""}","{""ImportId"":""status""}","{""ImportId"":""ipAddress""}","{""ImportId"":""progress""}","{""ImportId"":""duration""}","{""ImportId"":""finished""}","{""ImportId"":""recordedDate"",""timeZone"":""America/Denver""}","{""ImportId"":""_recordId""}","{""ImportId"":""recipientLastName""}","{""ImportId"":""recipientFirstName""}","{""ImportId"":""recipientEmail""}","{""ImportId"":""externalDataReference""}","{""ImportId"":""locationLatitude""}","{""ImportId"":""locationLongitude""}","{""ImportId"":""distributionChannel""}","{""ImportId"":""userLanguage""}","{""ImportId"":""QID3""}","{""ImportId"":""QID5""}","{""ImportId"":""QID5_4_TEXT""}","{""ImportId"":""QID6""}","{""ImportId"":""QID18""}","{""ImportId"":""QID25""}","{""ImportId"":""QID28""}","{""ImportId"":""QID7""}","{""ImportId"":""QID20""}","{""ImportId"":""QID8""}","{""ImportId"":""QID97_1""}","{""ImportId"":""QID194_1""}","{""ImportId"":""QID195_1""}","{""ImportId"":""QID175_1""}","{""ImportId"":""QID176_1""}","{""ImportId"":""QID177_1""}","{""ImportId"":""QID178_1""}","{""ImportId"":""QID179_1""}","{""ImportId"":""QID180_1""}","{""ImportId"":""QID181_1""}","{""ImportId"":""QID182_1""}","{""ImportId"":""QID167_1""}","{""ImportId"":""QID168_1""}","{""ImportId"":""QID169_1""}","{""ImportId"":""QID170_1""}","{""ImportId"":""QID171_1""}","{""ImportId"":""QID172_1""}","{""ImportId"":""QID173_1""}","{""ImportId"":""QID174_1""}","{""ImportId"":""QID183_1""}","{""ImportId"":""QID159_1""}","{""ImportId"":""QID160_1""}","{""ImportId"":""QID161_1""}","{""ImportId"":""QID162_1""}","{""ImportId"":""QID163_1""}","{""ImportId"":""QID164_1""}","{""ImportId"":""QID165_1""}","{""ImportId"":""QID166_1""}","{""ImportId"":""QID143_1""}","{""ImportId"":""QID144_1""}","{""ImportId"":""QID145_1""}","{""ImportId"":""QID146_1""}","{""ImportId"":""QID147_1""}","{""ImportId"":""QID148_1""}","{""ImportId"":""QID149_1""}","{""ImportId"":""QID150_1""}","{""ImportId"":""QID99_1""}","{""ImportId"":""QID196_1""}","{""ImportId"":""QID197_1""}","{""ImportId"":""QID102_1""}","{""ImportId"":""QID107_1""}","{""ImportId"":""QID121_1""}","{""ImportId"":""QID125_1""}","{""ImportId"":""QID129_1""}","{""ImportId"":""QID133_1""}","{""ImportId"":""QID138_1""}","{""ImportId"":""QID120_1""}","{""ImportId"":""QID105_1""}","{""ImportId"":""QID108_1""}","{""ImportId"":""QID122_1""}","{""ImportId"":""QID126_1""}","{""ImportId"":""QID130_1""}","{""ImportId"":""QID184_1""}","{""ImportId"":""QID134_1""}","{""ImportId"":""QID139_1""}","{""ImportId"":""QID119_1""}","{""ImportId"":""QID103_1""}","{""ImportId"":""QID106_1""}","{""ImportId"":""QID117_1""}","{""ImportId"":""QID124_1""}","{""ImportId"":""QID128_1""}","{""ImportId"":""QID132_1""}","{""ImportId"":""QID137_1""}","{""ImportId"":""QID141_1""}","{""ImportId"":""QID104_1""}","{""ImportId"":""QID118_1""}","{""ImportId"":""QID109_1""}","{""ImportId"":""QID123_1""}","{""ImportId"":""QID127_1""}","{""ImportId"":""QID131_1""}","{""ImportId"":""QID135_1""}","{""ImportId"":""QID140_1""}","{""ImportId"":""QID23""}","{""ImportId"":""QID17""}","{""ImportId"":""QID19""}","{""ImportId"":""QID33_TEXT""}","{""ImportId"":""QID34_TEXT""}","{""ImportId"":""QID35_TEXT""}","{""ImportId"":""QID185""}"
2021-05-08 19:17:23,2021-05-08 19:17:53,Survey Preview,NA,100,29,TRUE,2021-05-08 19:17:53,R_2dT3Ofsts6CR5iC,,,,,NA,NA,preview,EN,,,,,,,,,,,,,,,,,,,,,,,,,,,,,,,,,,,,,,,,,,,,,,,,,,,,,,,,,,,,,,,,,,,,,,,,,,,,,,,,,,,,,,,,,
2021-05-08 19:25:35,2021-05-08 19:25:54,Survey Preview,NA,100,19,TRUE,2021-05-08 19:25:55,R_25FNbA7MElFxlX4,,,,,NA,NA,preview,EN,,,,,,,,,,,,,,,,,,,,,,,,,,,,,,,,,,,,,,,,,,,,,,,,,,,,,,,,,,,,,,,,,,,,,,,,,,,,,,,,,,,,,,,,,
2021-05-08 20:34:09,2021-05-08 20:34:19,Survey Preview,NA,100,9,TRUE,2021-05-08 20:34:20,R_3hnnDopQJ8cDY0A,,,,,NA,NA,preview,EN,No,,,,,,,,,,,,,,,,,,,,,,,,,,,,,,,,,,,,,,,,,,,,,,,,,,,,,,,,,,,,,,,,,,,,,,,,,,,,,,,,,,,,,,,,
2021-05-08 20:34:23,2021-05-08 20:34:56,Survey Preview,NA,100,33,TRUE,2021-05-08 20:34:57,R_3l8LnJEFgJPp8NH,,,,,NA,NA,preview,EN,Yes,Native English speaker,,I have significant exposure to Japanese (such as from speaking or writing),18 or older,"No, I do not suffer from any hearing impairments","No, I do not suffer from any type of vision loss",,,,,,,,,,,,,,,,,,,,,,,,,,,,,,,,,,,,,,,,,,,,,,,,,,,,,,,,,,,,,,,,,,,,,,,,,,,,,,,,,,
2021-05-08 20:39:46,2021-05-08 20:40:29,Survey Preview,NA,100,42,TRUE,2021-05-08 20:40:29,R_1o56wHdX1TOjhkm,,,,,NA,NA,preview,EN,Yes,Not Fluent English speaker,,I have significant exposure to Japanese (such as from speaking or writing),Under 18,"Yes, it is difficult for me to hear in my day to day life","Yes, it is difficult to see in my day to day life",,,,,,,,,,,,,,,,,,,,,,,,,,,,,,,,,,,,,,,,,,,,,,,,,,,,,,,,,,,,,,,,,,,,,,,,,,,,,,,,,,
2021-05-08 20:40:31,2021-05-08 20:40:44,Survey Preview,NA,100,12,TRUE,2021-05-08 20:40:45,R_32KHt7IGHtnXscm,,,,,NA,NA,preview,EN,Yes,Fluent Non-English speaker,,"I have some exposure to Japanese (such as through anime or J-pop), but have never systematically learned it",18 or older,"Yes, it is difficult for me to hear in my day to day life","Yes, it is difficult to see in my day to day life",,,,,,,,,,,,,,,,,,,,,,,,,,,,,,,,,,,,,,,,,,,,,,,,,,,,,,,,,,,,,,,,,,,,,,,,,,,,,,,,,,
2021-05-08 20:42:41,2021-05-08 20:42:55,IP Address,NA,100,13,TRUE,2021-05-08 20:42:55,R_3KpVmZhxB0BqJ8G,,,,,NA,NA,anonymous,EN,,,,,,,,,,,,,,,,,,,,,,,,,,,,,,,,,,,,,,,,,,,,,,,,,,,,,,,,,,,,,,,,,,,,,,,,,,,,,,,,,,,,,,,,,
2021-05-08 20:48:28,2021-05-08 20:48:31,Spam,NA,100,2,TRUE,2021-05-08 20:48:31,R_33mwmQjsR77vJ7y,,,,,NA,NA,anonymous,EN,,,,,,,,,,,,,,,,,,,,,,,,,,,,,,,,,,,,,,,,,,,,,,,,,,,,,,,,,,,,,,,,,,,,,,,,,,,,,,,,,,,,,,,,,
2021-05-09 19:18:49,2021-05-09 19:21:19,Survey Preview,NA,100,150,TRUE,2021-05-09 19:21:21,R_2Pb6rcSStyphgHX,,,,,NA,NA,preview,EN,Yes,Native English speaker,,I have little or no exposure to Japanese,18 or older,"No, I am able to hear with a hearing aid or other method","No, I am able to see with visual aids, such glasses or contacts","Yes, I am in a quiet space",,"Yes, I am using my device's speaker",100,,,,,,,,,,,,,,,,,,,,,,,,,,,,,,,,,,,,72.52,,,,,,,,,,,,,,,,,,,,,,,,,,,,,,,,,,,,Prefer not to say,Nonbinary/Third Gender,Middle Eastern or North African,,,,
2021-05-09 19:26:27,2021-05-09 19:26:38,Survey Preview,NA,100,11,TRUE,2021-05-09 19:26:39,R_3KuzSnLBu2LgKI2,,,,,NA,NA,preview,EN,Yes,Native English speaker,,I have significant exposure to Japanese (such as from speaking or writing),18 or older,"Yes, it is difficult for me to hear in my day to day life","Yes, it is difficult to see in my day to day life",,,,,,,,,,,,,,,,,,,,,,,,,,,,,,,,,,,,,,,,,,,,,,,,,,,,,,,,,,,,,,,,,,,,,,,,,,,,,,,,,,
2021-05-09 19:30:13,2021-05-09 19:30:47,Survey Preview,NA,100,33,TRUE,2021-05-09 19:30:47,R_12m5GvjW3pQ6iMj,,,,,NA,NA,preview,EN,Yes,Native English speaker,,I have significant exposure to Japanese (such as from speaking or writing),,,,,,,,,,,,,,,,,,,,,,,,,,,,,,,,,,,,,,,,,,,,,,,,,,,,,,,,,,,,,,,,,,,,,,,,,,,,,,,,,,,,,
2021-05-09 19:30:52,2021-05-09 19:32:24,Survey Preview,NA,100,92,TRUE,2021-05-09 19:32:25,R_31jaJa0RBBmNj6I,,,,,NA,NA,preview,EN,Yes,Native English speaker,,"I have some exposure to Japanese (such as through anime or J-pop), but have never systematically learned it",18 or older,"No, I am able to hear with a hearing aid or other method","No, I am able to see with visual aids, such glasses or contacts","Yes, I am in a quiet space",,"Yes, I am using my device's speaker",91.153,,,,,,,,,,,,,,,,,,,,,,,,,,,,,,,,,,,,,,,,,,,,,,,,,,,,,,,,,,,,,,,,,,,,,,,,Male,Female,Middle Eastern or North African,,,,
2021-05-11 22:17:16,2021-05-11 22:20:22,Survey Preview,NA,100,185,TRUE,2021-05-11 22:20:23,R_1DRQkL7Grisp7cL,,,,,NA,NA,preview,EN,Yes,Native English speaker,,I have little or no exposure to Japanese,18 or older,"No, I do not suffer from any hearing impairments","No, I am able to see with visual aids, such glasses or contacts","Yes, I am in a quiet space",,"Yes, I am using my device's speaker",85.657,,,79.088,80.965,78.552,70.509,72.118,79.088,83.378,80.295,77.078,71.046,70.241,71.448,78.82,74.263,81.769,76.005,,78.954,73.458,78.15,71.18,78.284,79.223,80.697,78.418,84.316,78.686,71.85,82.44,78.954,81.099,73.324,85.255,,,,,,,,,,,,,,,,,,,,,,,,,,,,,,,,,,,,,Female,Transgender Female,Hispanic or Latino,,,,
2021-05-11 23:24:51,2021-05-11 23:25:05,Survey Preview,NA,100,14,TRUE,2021-05-11 23:25:06,R_XZePa0ASLrWj8wF,,,,,NA,NA,preview,EN,Yes,Native English speaker,,"I have some exposure to Japanese (such as through anime or J-pop), but have never systematically learned it",18 or older,"No, I am able to hear with a hearing aid or other method","Yes, it is difficult to see in my day to day life",,,,,,,,,,,,,,,,,,,,,,,,,,,,,,,,,,,,,,,,,,,,,,,,,,,,,,,,,,,,,,,,,,,,,,,,,,,,,,,,,,
2021-05-12 21:49:51,2021-05-12 21:49:55,Survey Preview,NA,100,3,TRUE,2021-05-12 21:49:55,R_1g7KqArnpp1cdUH,,,,,NA,NA,preview,EN,No,,,,,,,,,,,,,,,,,,,,,,,,,,,,,,,,,,,,,,,,,,,,,,,,,,,,,,,,,,,,,,,,,,,,,,,,,,,,,,,,,,,,,,,,
2021-05-12 21:53:05,2021-05-12 21:53:08,Survey Preview,NA,100,2,TRUE,2021-05-12 21:53:08,R_30eeOBKQFJBsk3S,,,,,NA,NA,preview,EN,No,,,,,,,,,,,,,,,,,,,,,,,,,,,,,,,,,,,,,,,,,,,,,,,,,,,,,,,,,,,,,,,,,,,,,,,,,,,,,,,,,,,,,,,,
2021-05-12 21:54:09,2021-05-12 21:57:53,Survey Preview,NA,100,224,TRUE,2021-05-12 21:57:54,R_3nJmK8GAjqTbBh6,,,,,NA,NA,preview,EN,Yes,Native English speaker,,I have little or no exposure to Japanese,18 or older,"No, I do not suffer from any hearing impairments","No, I do not suffer from any type of vision loss","Yes, I am in a quiet space",,"Yes, I am using my device's speaker",,,,,,,,,,,,,,,,,,,,,,,,,,,,,,,,,,,,,10.858,,,63.807,75.469,66.756,24.799,32.708,77.748,77.614,75.201,26.408,66.086,27.346,20.643,39.142,0,22.654,29.625,24.263,16.354,67.694,80.965,26.542,40.08,26.542,19.571,34.718,73.19,76.81,74.531,69.839,74.531,24.799,16.756,15.013,Male,Male,American Indian or Alaska Native,,,,Paid close attention to all of the questions
2021-05-14 10:48:40,2021-05-14 10:53:19,Survey Preview,NA,100,279,TRUE,2021-05-14 10:53:20,R_3m3tH98Jmc7zE55,,,,,NA,NA,preview,EN,Yes,Native English speaker,,I have little or no exposure to Japanese,18 or older,"No, I do not suffer from any hearing impairments","No, I do not suffer from any type of vision loss","Yes, I am in a quiet space",,"Yes, I am using my device's speaker",64.477,68.499,32.44,69.303,65.952,70.643,60.724,28.016,25.737,31.769,30.697,68.365,70.107,39.812,59.651,28.15,32.708,23.861,27.078,0,70.643,69.973,64.075,66.488,29.759,16.622,22.654,19.705,68.365,71.448,44.906,57.507,21.85,31.635,35.255,28.82,,,,,,,,,,,,,,,,,,,,,,,,,,,,,,,,,,,,,Female,Female,2 or more ethnicities/races,English,French,Urdu,Paid close attention to all of the questions
2021-05-14 14:07:04,2021-05-14 14:07:08,IP Address,NA,100,4,TRUE,2021-05-14 14:07:08,R_ugIgc8pxTgpD92V,,,,,NA,NA,anonymous,EN,,,,,,,,,,,,,,,,,,,,,,,,,,,,,,,,,,,,,,,,,,,,,,,,,,,,,,,,,,,,,,,,,,,,,,,,,,,,,,,,,,,,,,,,,
2021-05-14 14:05:58,2021-05-14 14:15:41,IP Address,NA,100,583,TRUE,2021-05-14 14:15:42,R_T6o11uSrXeAKWGd,,,,,NA,NA,anonymous,EN,Yes,Not Fluent English speaker,,"I have some exposure to Japanese (such as through anime or J-pop), but have never systematically learned it",18 or older,"No, I do not suffer from any hearing impairments","No, I am able to see with visual aids, such glasses or contacts","Yes, I am in a quiet space",,"Yes, I am using headphones",32.306,100,6.032,65.282,78.82,39.812,86.193,25.201,34.987,8.445,0,75.737,72.386,80.563,74.799,22.922,28.686,13.137,0,0,82.038,88.07,68.097,72.52,37.668,31.099,24.799,0,77.882,69.839,94.504,90.214,28.82,29.491,19.169,0,,,,,,,,,,,,,,,,,,,,,,,,,,,,,,,,,,,,,Male,Male,Asian,"Cantonese, Mandarin",,German,Paid close attention to all of the questions
2021-05-14 14:17:43,2021-05-14 14:23:30,IP Address,NA,100,346,TRUE,2021-05-14 14:23:31,R_w5cVooz6rKcHraN,,,,,NA,NA,anonymous,EN,Yes,Fluent Non-English speaker,,"I have some exposure to Japanese (such as through anime or J-pop), but have never systematically learned it",18 or older,"No, I do not suffer from any hearing impairments","No, I am able to see with visual aids, such glasses or contacts","Yes, I am in a quiet space",,"Yes, I am using headphones",,,,,,,,,,,,,,,,,,,,,,,,,,,,,,,,,,,,,27.212,23.861,68.633,68.231,100,61.93,30.161,23.727,63.941,28.552,0,54.96,53.217,53.887,38.874,14.879,0,17.292,7.239,0,19.437,78.418,5.764,57.775,25.335,9.249,31.769,0,40.349,25.201,32.976,46.113,0,0,0,0,Male,Male,Asian,"Cantonese, Mandarin",,German,Paid attention most of the time
2021-05-14 14:24:41,2021-05-14 14:30:31,IP Address,NA,100,350,TRUE,2021-05-14 14:30:32,R_Zwq93u18tGRk9Q5,,,,,NA,NA,anonymous,EN,Yes,Fluent Non-English speaker,,I have little or no exposure to Japanese,18 or older,"No, I do not suffer from any hearing impairments","No, I do not suffer from any type of vision loss","Yes, I am in a quiet space",,"Yes, I am using headphones",87.936,85.523,24.397,71.984,81.099,82.842,77.078,68.767,26.81,22.922,12.735,100,77.48,77.346,73.324,61.93,32.038,17.56,28.016,0,80.965,68.901,69.705,76.005,72.118,17.56,9.651,22.788,72.386,70.375,72.118,85.657,38.338,23.324,29.759,14.745,,,,,,,,,,,,,,,,,,,,,,,,,,,,,,,,,,,,,Male,Male,Asian,"Chinese, English",,,Paid close attention to all of the questions
2021-05-14 14:56:45,2021-05-14 15:07:16,IP Address,NA,100,630,TRUE,2021-05-14 15:07:17,R_2vcUEVcdFMdf1Gg,,,,,NA,NA,anonymous,EN,Yes,Not Fluent English speaker,,I have little or no exposure to Japanese,18 or older,"No, I do not suffer from any hearing impairments","No, I am able to see with visual aids, such glasses or contacts","Yes, I am in a quiet space",,"Yes, I am using headphones",,,,,,,,,,,,,,,,,,,,,,,,,,,,,,,,,,,,,69.705,40.885,58.847,37.131,33.244,37.668,58.579,36.193,32.306,34.853,33.914,39.678,33.646,44.504,38.874,36.997,0,44.37,41.287,39.008,37.668,64.343,60.054,64.477,63.539,61.528,67.024,55.764,35.255,38.338,32.172,34.718,39.41,39.142,30.965,43.566,Male,Male,Asian,Mandarin,English,English,Paid attention most of the time
2021-05-14 15:20:10,2021-05-14 15:20:12,IP Address,NA,100,1,TRUE,2021-05-14 15:20:12,R_1DGPZyMahqAGrK1,,,,,NA,NA,anonymous,EN,,,,,,,,,,,,,,,,,,,,,,,,,,,,,,,,,,,,,,,,,,,,,,,,,,,,,,,,,,,,,,,,,,,,,,,,,,,,,,,,,,,,,,,,,
2021-05-14 16:06:43,2021-05-14 16:12:44,IP Address,NA,100,360,TRUE,2021-05-14 16:12:44,R_1OwV76VqYNsafbi,,,,,NA,NA,anonymous,EN,Yes,Not Fluent English speaker,,I have little or no exposure to Japanese,18 or older,"No, I do not suffer from any hearing impairments","No, I do not suffer from any type of vision loss","Yes, I am in a quiet space",,"Yes, I am using my device's speaker",71.716,53.083,42.895,62.735,59.92,26.676,62.869,33.244,19.973,21.85,39.276,69.437,57.373,42.493,62.332,40.751,23.861,23.995,39.142,0,68.499,72.654,38.472,63.941,32.172,35.121,40.214,46.917,64.209,63.137,32.574,76.139,38.606,22.922,36.729,35.657,,,,,,,,,,,,,,,,,,,,,,,,,,,,,,,,,,,,,Male,Male,Asian,"Chinese, English",Chinese,none,Paid attention most of the time
2021-05-14 16:04:35,2021-05-14 16:16:09,IP Address,NA,100,694,TRUE,2021-05-14 16:16:10,R_22LmhGX9A3KWxz9,,,,,NA,NA,anonymous,EN,Yes,Native English speaker,,I have little or no exposure to Japanese,18 or older,"No, I do not suffer from any hearing impairments","No, I am able to see with visual aids, such glasses or contacts","Yes, I am in a quiet space",,"Yes, I am using headphones",,,,,,,,,,,,,,,,,,,,,,,,,,,,,,,,,,,,,73.861,65.818,49.598,60.322,60.858,50.536,72.386,76.944,73.727,61.662,83.244,54.29,34.45,57.239,50.268,46.247,0,48.794,42.627,35.925,50.938,65.55,61.662,66.354,63.137,66.354,61.26,60.59,37.936,28.418,24.665,26.139,23.324,35.121,30.429,15.952,Male,Male,White,English,English,"English, Greek, Spanish",Paid close attention to all of the questions
2021-05-14 16:52:09,2021-05-14 17:07:54,IP Address,NA,100,944,TRUE,2021-05-14 17:07:54,R_25AcVxkj7FydEbd,,,,,NA,NA,anonymous,EN,Yes,Fluent Non-English speaker,,"I have some exposure to Japanese (such as through anime or J-pop), but have never systematically learned it",18 or older,"No, I do not suffer from any hearing impairments","No, I am able to see with visual aids, such glasses or contacts","Yes, I am in a quiet space",,"Yes, I am using my device's speaker",,,,,,,,,,,,,,,,,,,,,,,,,,,,,,,,,,,,,73.324,69.437,90.617,100,60.858,56.434,63.271,58.847,100,55.362,100,100,59.383,100,58.847,39.276,0,100,53.485,37.802,0,0,0,45.174,0,0,28.284,33.78,100,45.576,100,100,100,31.233,63.807,100,Male,Male,Asian,Chinese,Chinese，English,Chinese，English，Japenese,Paid attention most of the time
2021-05-14 17:19:15,2021-05-14 17:24:02,IP Address,NA,100,287,TRUE,2021-05-14 17:24:03,R_2dlQ128LVCfGH7w,,,,,NA,NA,anonymous,EN,Yes,Fluent Non-English speaker,,I have little or no exposure to Japanese,18 or older,"No, I do not suffer from any hearing impairments","No, I do not suffer from any type of vision loss","Yes, I am in a quiet space",,"Yes, I am using my device's speaker",26.408,79.625,56.434,35.657,65.013,29.088,65.416,34.987,24.531,42.761,37.802,61.126,68.365,41.287,65.952,38.472,24.129,30.429,34.048,0,64.745,65.952,34.182,67.56,39.678,25.067,39.142,41.689,67.158,71.716,58.445,61.528,34.45,20.509,36.327,31.099,,,,,,,,,,,,,,,,,,,,,,,,,,,,,,,,,,,,,Female,Female,Asian,"Chinese, English","Chinese, English",Spanish,Paid close attention to all of the questions
2021-05-14 17:57:51,2021-05-14 18:06:01,IP Address,NA,100,490,TRUE,2021-05-14 18:06:02,R_21btUt7XGynGchq,,,,,NA,NA,anonymous,EN,Yes,Native English speaker,,I have little or no exposure to Japanese,18 or older,"No, I do not suffer from any hearing impairments","No, I do not suffer from any type of vision loss","Yes, I am in a quiet space",,"Yes, I am using my device's speaker",55.898,80.965,27.212,78.954,79.357,76.005,73.592,20.509,40.885,41.421,38.606,71.046,81.769,73.861,80.965,47.453,35.121,35.389,30.563,0,81.367,75.603,44.102,77.882,34.853,30.295,27.614,20.777,73.727,79.759,54.021,84.45,31.501,38.472,33.646,32.44,,,,,,,,,,,,,,,,,,,,,,,,,,,,,,,,,,,,,Male,Male,White,English,English,"English, Spanish",Paid attention most of the time
2021-05-14 18:57:55,2021-05-14 19:02:24,IP Address,NA,100,268,TRUE,2021-05-14 19:02:25,R_2Xdu8setKJhwyQY,,,,,NA,NA,anonymous,EN,Yes,Fluent Non-English speaker,,"I have some exposure to Japanese (such as through anime or J-pop), but have never systematically learned it",18 or older,"No, I do not suffer from any hearing impairments","No, I am able to see with visual aids, such glasses or contacts","Yes, I am in a quiet space",,"Yes, I am using headphones",0,80.295,0,100,100,100,100,0,0,0,0,100,100,83.914,100,6.434,0,0,0,0,100,100,100,100,25.871,0,0,0,99.062,100,75.201,100,0,0,0,0,,,,,,,,,,,,,,,,,,,,,,,,,,,,,,,,,,,,,Male,Male,Asian,English,Vietnamese,"Japanese, Spanish",Paid close attention to all of the questions
2021-05-14 19:04:31,2021-05-14 19:09:19,IP Address,NA,100,287,TRUE,2021-05-14 19:09:19,R_31RbLz3U9k9ebA8,,,,,NA,NA,anonymous,EN,Yes,Native English speaker,,I have little or no exposure to Japanese,18 or older,"No, I do not suffer from any hearing impairments","No, I do not suffer from any type of vision loss","Yes, I am in a quiet space",,"Yes, I am using my device's speaker",,,,,,,,,,,,,,,,,,,,,,,,,,,,,,,,,,,,,0,100,0,72.922,100,100,99.062,11.126,92.091,18.767,18.231,100,79.759,20.912,57.507,61.796,0,15.147,0,0,93.834,100,74.531,91.957,4.558,2.547,27.748,18.097,97.855,99.062,90.751,82.708,10.992,0,0,14.477,Female,Female,White,English,English,English,Paid close attention to all of the questions
2021-05-14 19:28:31,2021-05-14 19:30:42,IP Address,NA,100,130,TRUE,2021-05-14 19:30:43,R_yxYtVJdcLSh0KvD,,,,,NA,NA,anonymous,EN,Yes,Native English speaker,,I have significant exposure to Japanese (such as from speaking or writing),18 or older,"No, I do not suffer from any hearing impairments","No, I am able to see with visual aids, such glasses or contacts",,,,,,,,,,,,,,,,,,,,,,,,,,,,,,,,,,,,,,,,,,,,,,,,,,,,,,,,,,,,,,,,,,,,,,,,,,,,,,,,,,
2021-05-14 19:33:20,2021-05-14 19:45:19,IP Address,NA,100,718,TRUE,2021-05-14 19:45:20,R_4Jf3vUpU9R7Fvln,,,,,NA,NA,anonymous,EN,Yes,Native English speaker,,I have little or no exposure to Japanese,18 or older,"No, I do not suffer from any hearing impairments","No, I am able to see with visual aids, such glasses or contacts","No, I am not in a quiet space","Yes, I am now in a quiet space","Yes, I am using my device's speaker",67.962,50.134,49.464,54.155,55.63,55.898,46.247,46.247,34.853,51.072,49.464,57.775,55.228,43.566,45.442,54.29,32.574,54.826,45.71,0,53.351,54.826,52.815,42.225,53.217,32.842,53.351,49.464,55.362,56.434,42.627,44.236,52.681,19.437,41.823,45.845,,,,,,,,,,,,,,,,,,,,,,,,,,,,,,,,,,,,,Female,Female,Asian,"english, spanish",italian,,Paid attention most of the time
2021-05-14 19:58:16,2021-05-14 20:03:59,IP Address,NA,100,342,TRUE,2021-05-14 20:04:00,R_3J4uwqnoBL304QE,,,,,NA,NA,social,EN,Yes,Native English speaker,,"I have some exposure to Japanese (such as through anime or J-pop), but have never systematically learned it",18 or older,"No, I do not suffer from any hearing impairments","No, I am able to see with visual aids, such glasses or contacts","Yes, I am in a quiet space",,"Yes, I am using my device's speaker",,,,,,,,,,,,,,,,,,,,,,,,,,,,,,,,,,,,,93.7,63.405,56.971,69.303,67.694,61.796,68.901,65.684,35.657,65.013,64.075,29.088,31.367,28.552,28.954,26.005,0,35.389,28.15,32.842,68.365,77.882,76.139,66.354,80.027,36.595,61.662,61.26,5.496,12.466,2.413,8.579,3.485,6.568,3.351,5.496,Male,Male,White,English,Spanish,"English, Spanish",Paid close attention to all of the questions
2021-05-14 20:08:55,2021-05-14 20:08:59,IP Address,NA,100,3,TRUE,2021-05-14 20:08:59,R_2xDnfhocQf3P0O8,,,,,NA,NA,anonymous,EN,,,,,,,,,,,,,,,,,,,,,,,,,,,,,,,,,,,,,,,,,,,,,,,,,,,,,,,,,,,,,,,,,,,,,,,,,,,,,,,,,,,,,,,,,
2021-05-14 20:22:40,2021-05-14 20:22:44,IP Address,NA,100,4,TRUE,2021-05-14 20:22:45,R_3k68ls9rUAqUZ5c,,,,,NA,NA,social,EN,,,,,,,,,,,,,,,,,,,,,,,,,,,,,,,,,,,,,,,,,,,,,,,,,,,,,,,,,,,,,,,,,,,,,,,,,,,,,,,,,,,,,,,,,
2021-05-14 20:32:35,2021-05-14 20:36:54,IP Address,NA,100,259,TRUE,2021-05-14 20:36:55,R_3NLhguo9cutdHDi,,,,,NA,NA,anonymous,EN,Yes,Fluent Non-English speaker,,I have little or no exposure to Japanese,18 or older,"No, I do not suffer from any hearing impairments","No, I am able to see with visual aids, such glasses or contacts","Yes, I am in a quiet space",,"Yes, I am using headphones",73.727,78.016,0,80.697,71.984,87.668,72.386,6.032,8.177,0,0,66.89,73.592,59.249,73.458,8.043,7.105,12.466,0,0,82.574,70.509,70.107,75.067,4.021,16.354,16.488,0,67.292,80.563,77.346,78.954,0,10.992,29.223,0,,,,,,,,,,,,,,,,,,,,,,,,,,,,,,,,,,,,,Male,Male,2 or more ethnicities/races,english arabic,french,,Paid attention sometimes
2021-05-14 21:27:23,2021-05-14 21:39:40,IP Address,NA,100,736,TRUE,2021-05-14 21:39:41,R_spQ3eB7EEawPOuZ,,,,,NA,NA,anonymous,EN,Yes,Fluent Non-English speaker,,I have little or no exposure to Japanese,18 or older,"No, I do not suffer from any hearing impairments","No, I am able to see with visual aids, such glasses or contacts","Yes, I am in a quiet space",,"Yes, I am using my device's speaker",,,,,,,,,,,,,,,,,,,,,,,,,,,,,,,,,,,,,73.592,60.724,75.067,67.56,65.952,70.107,77.614,56.702,68.231,68.365,67.426,16.488,11.662,15.147,7.775,6.568,0,16.086,15.952,8.177,32.842,14.477,15.684,13.941,18.365,12.198,15.818,9.92,61.662,70.241,62.735,65.952,77.614,58.311,62.064,63.137,Female,Female,Asian,chinese,english and Chinese,,Paid close attention to all of the questions
2021-05-14 21:41:00,2021-05-14 21:41:03,IP Address,NA,100,2,TRUE,2021-05-14 21:41:03,R_3fqOscxaPvQCms6,,,,,NA,NA,anonymous,EN,,,,,,,,,,,,,,,,,,,,,,,,,,,,,,,,,,,,,,,,,,,,,,,,,,,,,,,,,,,,,,,,,,,,,,,,,,,,,,,,,,,,,,,,,
2021-05-14 22:00:30,2021-05-14 22:00:33,IP Address,NA,100,2,TRUE,2021-05-14 22:00:33,R_2QiGjVhiTsOWRgZ,,,,,NA,NA,anonymous,EN,,,,,,,,,,,,,,,,,,,,,,,,,,,,,,,,,,,,,,,,,,,,,,,,,,,,,,,,,,,,,,,,,,,,,,,,,,,,,,,,,,,,,,,,,
2021-05-14 22:16:45,2021-05-14 22:23:56,IP Address,NA,100,430,TRUE,2021-05-14 22:23:56,R_UzJwI0WJ7OACuRj,,,,,NA,NA,anonymous,EN,Yes,Not Fluent English speaker,,"I have some exposure to Japanese (such as through anime or J-pop), but have never systematically learned it",18 or older,"No, I do not suffer from any hearing impairments","No, I am able to see with visual aids, such glasses or contacts","Yes, I am in a quiet space",,"Yes, I am using headphones",100,100,0,100,0,68.901,100,0,0,0,0,100,100,100,100,0,0,0,0,0,100,100,100,100,0,0,0,0,100,100,100,100,0,0,0,0,,,,,,,,,,,,,,,,,,,,,,,,,,,,,,,,,,,,,Male,Male,Asian,English Mandarin Mindon,Mandarin,Mandarin  English,Paid attention sometimes
2021-05-14 22:56:57,2021-05-14 22:57:08,IP Address,NA,100,10,TRUE,2021-05-14 22:57:09,R_3dM02NB1RIbmAhw,,,,,NA,NA,anonymous,EN,,,,,,,,,,,,,,,,,,,,,,,,,,,,,,,,,,,,,,,,,,,,,,,,,,,,,,,,,,,,,,,,,,,,,,,,,,,,,,,,,,,,,,,,,
2021-05-14 21:30:16,2021-05-14 23:03:17,IP Address,NA,100,5580,TRUE,2021-05-14 23:03:18,R_2rHDXIKW1d5nQiK,,,,,NA,NA,anonymous,EN,Yes,Fluent Non-English speaker,,"I have some exposure to Japanese (such as through anime or J-pop), but have never systematically learned it",18 or older,"No, I do not suffer from any hearing impairments","No, I do not suffer from any type of vision loss","Yes, I am in a quiet space",,"Yes, I am using my device's speaker",,,,,,,,,,,,,,,,,,,,,,,,,,,,,,,,,,,,,75.335,67.024,31.501,70.107,76.676,26.408,19.169,73.592,75.201,24.397,29.893,33.914,23.861,22.252,63.271,26.005,0,22.654,68.097,37.668,69.705,76.005,79.088,32.842,26.408,64.611,76.542,73.458,69.169,64.075,67.292,68.231,70.777,74.799,35.925,23.056,Male,Male,Asian,,,,Paid attention most of the time
2021-05-14 23:12:19,2021-05-14 23:12:20,IP Address,NA,100,1,TRUE,2021-05-14 23:12:21,R_1isuGD6xDpVfoQM,,,,,NA,NA,anonymous,EN,,,,,,,,,,,,,,,,,,,,,,,,,,,,,,,,,,,,,,,,,,,,,,,,,,,,,,,,,,,,,,,,,,,,,,,,,,,,,,,,,,,,,,,,,
2021-05-14 23:18:00,2021-05-14 23:18:08,IP Address,NA,100,8,TRUE,2021-05-14 23:18:09,R_1fkZ8sVKS5XbuTs,,,,,NA,NA,anonymous,EN,,,,,,,,,,,,,,,,,,,,,,,,,,,,,,,,,,,,,,,,,,,,,,,,,,,,,,,,,,,,,,,,,,,,,,,,,,,,,,,,,,,,,,,,,
2021-05-14 23:18:49,2021-05-14 23:23:46,IP Address,NA,100,297,TRUE,2021-05-14 23:23:47,R_2sduI0rUEQlACn2,,,,,NA,NA,anonymous,EN,Yes,Fluent Non-English speaker,,I have little or no exposure to Japanese,18 or older,"No, I do not suffer from any hearing impairments","No, I do not suffer from any type of vision loss","Yes, I am in a quiet space",,"Yes, I am using my device's speaker",76.676,95.576,9.115,63.807,80.161,79.625,90.483,55.63,10.992,32.976,32.44,63.539,80.831,80.831,74.263,35.255,5.63,39.678,3.619,0,69.571,88.874,71.18,72.252,39.946,8.177,42.627,17.158,69.705,82.038,66.622,73.324,39.812,16.756,37.131,14.343,,,,,,,,,,,,,,,,,,,,,,,,,,,,,,,,,,,,,Female,Female,Asian,Chinese,English,Korean,Paid close attention to all of the questions
2021-05-14 23:17:44,2021-05-14 23:24:01,IP Address,NA,100,376,TRUE,2021-05-14 23:24:01,R_3J2SZ9NoGj2GswE,,,,,NA,NA,anonymous,EN,Yes,Fluent Non-English speaker,,I have little or no exposure to Japanese,18 or older,"No, I do not suffer from any hearing impairments","No, I am able to see with visual aids, such glasses or contacts","Yes, I am in a quiet space",,"Yes, I am using my device's speaker",69.437,65.684,33.11,62.198,70.241,59.92,80.831,36.863,64.075,35.523,2.145,78.284,66.22,80.295,65.147,32.842,38.74,36.595,5.63,0,59.383,85.925,61.26,63.673,32.172,32.038,50.268,17.56,64.477,82.306,60.992,80.295,33.512,37.668,36.059,13.003,,,,,,,,,,,,,,,,,,,,,,,,,,,,,,,,,,,,,Female,Female,Asian,Indonesian,Spanish ,"Spanish, Swedish, Urdu, Arabic",Paid attention most of the time
2021-05-14 23:36:05,2021-05-14 23:37:19,IP Address,NA,100,74,TRUE,2021-05-14 23:37:20,R_29dgqOco8PYWZ2C,,,,,NA,NA,anonymous,EN,Yes,Fluent Non-English speaker,,I have significant exposure to Japanese (such as from speaking or writing),18 or older,"No, I do not suffer from any hearing impairments","No, I am able to see with visual aids, such glasses or contacts",,,,,,,,,,,,,,,,,,,,,,,,,,,,,,,,,,,,,,,,,,,,,,,,,,,,,,,,,,,,,,,,,,,,,,,,,,,,,,,,,,
2021-05-15 02:17:10,2021-05-15 02:17:43,IP Address,NA,100,33,TRUE,2021-05-15 02:17:44,R_3CKnlr59LSQOMTL,,,,,NA,NA,social,EN,Yes,Fluent Non-English speaker,,I have little or no exposure to Japanese,18 or older,"No, I do not suffer from any hearing impairments","Yes, it is difficult to see in my day to day life",,,,,,,,,,,,,,,,,,,,,,,,,,,,,,,,,,,,,,,,,,,,,,,,,,,,,,,,,,,,,,,,,,,,,,,,,,,,,,,,,,
2021-05-15 07:08:52,2021-05-15 08:05:02,IP Address,NA,100,3369,TRUE,2021-05-15 08:05:02,R_3QXEQMZxFNdd2Ks,,,,,NA,NA,social,EN,Yes,Fluent Non-English speaker,,I have little or no exposure to Japanese,18 or older,"No, I am able to hear with a hearing aid or other method","No, I do not suffer from any type of vision loss","Yes, I am in a quiet space",,"Yes, I am using my device's speaker",,,,,,,,,,,,,,,,,,,,,,,,,,,,,,,,,,,,,87.808,44.638,26.944,62.735,82.172,59.115,76.005,42.493,47.453,49.598,56.702,70.777,67.024,64.075,75.335,44.906,0,37.131,40.08,49.732,57.641,67.158,59.249,71.18,59.651,30.831,37.131,59.115,32.306,46.649,41.689,33.378,40.08,18.365,6.166,30.027,Female,Female,White,"English, Finnish",,,Paid close attention to all of the questions
2021-05-15 11:18:04,2021-05-15 11:18:09,IP Address,NA,100,4,TRUE,2021-05-15 11:18:09,R_zcZ2Y9AnLRpOm65,,,,,NA,NA,anonymous,EN,,,,,,,,,,,,,,,,,,,,,,,,,,,,,,,,,,,,,,,,,,,,,,,,,,,,,,,,,,,,,,,,,,,,,,,,,,,,,,,,,,,,,,,,,
2021-05-15 21:25:07,2021-05-15 21:29:59,IP Address,NA,100,292,TRUE,2021-05-15 21:30:00,R_2DZzYJVx54OwM8U,,,,,NA,NA,social,EN,Yes,Fluent Non-English speaker,,"I have some exposure to Japanese (such as through anime or J-pop), but have never systematically learned it",18 or older,"No, I do not suffer from any hearing impairments","No, I am able to see with visual aids, such glasses or contacts","Yes, I am in a quiet space",,"Yes, I am using headphones",68.633,94.37,19.839,58.713,60.188,53.217,57.373,21.582,21.448,42.627,13.941,62.869,84.853,57.641,66.89,32.976,27.48,44.906,12.869,0,63.673,65.684,54.558,68.365,37.534,32.574,40.08,14.343,61.796,58.713,67.292,65.013,21.85,24.531,42.091,12.735,,,,,,,,,,,,,,,,,,,,,,,,,,,,,,,,,,,,,Male,Male,White,"Dutch, English",,Turkish,Paid attention most of the time
2021-05-15 21:59:38,2021-05-15 22:00:46,IP Address,NA,100,67,TRUE,2021-05-15 22:00:46,R_3PZDcvEOLWq4MDu,,,,,NA,NA,anonymous,EN,Yes,Native English speaker,,I have significant exposure to Japanese (such as from speaking or writing),18 or older,"No, I do not suffer from any hearing impairments","No, I do not suffer from any type of vision loss",,,,,,,,,,,,,,,,,,,,,,,,,,,,,,,,,,,,,,,,,,,,,,,,,,,,,,,,,,,,,,,,,,,,,,,,,,,,,,,,,,
2021-05-16 09:23:52,2021-05-16 09:24:34,IP Address,NA,100,42,TRUE,2021-05-16 09:24:35,R_BX8vG3vU2hthuKJ,,,,,NA,NA,social,EN,Yes,Fluent Non-English speaker,,"I have some exposure to Japanese (such as through anime or J-pop), but have never systematically learned it",Under 18,"No, I do not suffer from any hearing impairments","No, I do not suffer from any type of vision loss",,,,,,,,,,,,,,,,,,,,,,,,,,,,,,,,,,,,,,,,,,,,,,,,,,,,,,,,,,,,,,,,,,,,,,,,,,,,,,,,,,
2021-05-16 14:16:19,2021-05-16 14:21:02,IP Address,NA,100,283,TRUE,2021-05-16 14:21:03,R_OBGnpWv17GgLUBj,,,,,NA,NA,anonymous,EN,Yes,Native English speaker,,"I have some exposure to Japanese (such as through anime or J-pop), but have never systematically learned it",18 or older,"No, I do not suffer from any hearing impairments","No, I do not suffer from any type of vision loss","Yes, I am in a quiet space",,"Yes, I am using my device's speaker",,,,,,,,,,,,,,,,,,,,,,,,,,,,,,,,,,,,,0,100,100,51.475,100,39.276,49.732,0,35.925,0,0,55.496,0,65.952,74.799,16.354,0,0,0,0,55.094,73.592,63.137,68.231,0,0,0,0,71.984,24.263,32.172,62.601,0,0,0,0,Male,Male,Prefer not to say,,,"Indonesian,spanish",Paid attention sometimes
2021-05-17 00:55:59,2021-05-17 01:02:11,IP Address,NA,100,371,TRUE,2021-05-17 01:02:11,R_3JJmlm26hO9IvrP,,,,,NA,NA,anonymous,EN,Yes,Native English speaker,,"I have some exposure to Japanese (such as through anime or J-pop), but have never systematically learned it",18 or older,"No, I do not suffer from any hearing impairments","No, I do not suffer from any type of vision loss","Yes, I am in a quiet space",,"Yes, I am using headphones",71.582,92.493,23.727,67.828,100,88.204,88.472,30.161,25.201,25.335,26.81,95.576,67.024,91.555,82.44,27.614,4.96,33.646,29.088,0,88.472,100,34.316,78.016,33.78,8.445,12.735,21.984,87.802,100,71.448,33.646,17.828,41.689,39.812,55.63,,,,,,,,,,,,,,,,,,,,,,,,,,,,,,,,,,,,,Male,Male,White,English,Spanish,"German, French",Paid attention most of the time
2021-05-17 06:28:12,2021-05-17 06:28:18,IP Address,NA,100,6,TRUE,2021-05-17 06:28:19,R_3qWJIDkPN1TIiA3,,,,,NA,NA,social,EN,,,,,,,,,,,,,,,,,,,,,,,,,,,,,,,,,,,,,,,,,,,,,,,,,,,,,,,,,,,,,,,,,,,,,,,,,,,,,,,,,,,,,,,,,
2021-05-17 09:48:33,2021-05-17 09:53:08,IP Address,NA,100,275,TRUE,2021-05-17 09:53:09,R_A4gZDndzMcB7ZGV,,,,,NA,NA,anonymous,EN,Yes,Native English speaker,,"I have some exposure to Japanese (such as through anime or J-pop), but have never systematically learned it",18 or older,"No, I do not suffer from any hearing impairments","No, I do not suffer from any type of vision loss","Yes, I am in a quiet space",,"Yes, I am using headphones",100,0,0,0,100,100,100,100,0,0,0,0,0,100,100,0,0,0,0,0,0,0,100,100,0,0,100,0,100,100,100,100,100,0,0,0,,,,,,,,,,,,,,,,,,,,,,,,,,,,,,,,,,,,,Male,Male,White,English,German,"German, Russian, Japanese",Paid attention most of the time
2021-05-17 15:32:57,2021-05-17 15:33:29,IP Address,NA,100,32,TRUE,2021-05-17 15:33:30,R_21vVhE5FnFxzqk0,,,,,NA,NA,anonymous,EN,Yes,Native English speaker,,I have significant exposure to Japanese (such as from speaking or writing),18 or older,"No, I do not suffer from any hearing impairments","No, I do not suffer from any type of vision loss",,,,,,,,,,,,,,,,,,,,,,,,,,,,,,,,,,,,,,,,,,,,,,,,,,,,,,,,,,,,,,,,,,,,,,,,,,,,,,,,,,
2021-05-17 18:07:25,2021-05-17 18:17:02,IP Address,NA,100,577,TRUE,2021-05-17 18:17:03,R_UXCgDNghAV0r2g1,,,,,NA,NA,anonymous,EN,Yes,Fluent Non-English speaker,,I have little or no exposure to Japanese,18 or older,"No, I do not suffer from any hearing impairments","No, I am able to see with visual aids, such glasses or contacts","Yes, I am in a quiet space",,"Yes, I am using headphones",100,0,0,0,100,100,0,0,100,0,0,100,0,100,100,100,98.123,0,0,0,100,100,0,100,0,0,0,0,100,0,100,0,0,0,0,0,,,,,,,,,,,,,,,,,,,,,,,,,,,,,,,,,,,,,Male,Male,Asian,Mandarin,Mandarin,English,Paid close attention to all of the questions
2021-05-17 18:13:28,2021-05-17 18:17:07,IP Address,NA,100,218,TRUE,2021-05-17 18:17:07,R_2dm8V1eXnyuH7OZ,,,,,NA,NA,anonymous,EN,Yes,Fluent Non-English speaker,,"I have some exposure to Japanese (such as through anime or J-pop), but have never systematically learned it",18 or older,"No, I do not suffer from any hearing impairments","No, I am able to see with visual aids, such glasses or contacts","Yes, I am in a quiet space",,"Yes, I am using headphones",,,,,,,,,,,,,,,,,,,,,,,,,,,,,,,,,,,,,60.054,21.314,19.437,60.322,68.499,72.922,74.933,60.322,63.003,38.07,73.056,19.437,62.869,22.788,15.684,76.005,0,5.898,7.105,10.858,74.129,78.954,78.686,93.298,74.129,85.791,28.284,79.088,23.324,83.378,71.046,71.314,64.075,34.584,70.107,17.292,Female,Female,Asian,Chinese,Chinese,Chinese,Paid close attention to all of the questions
2021-05-17 23:07:06,2021-05-17 23:07:29,IP Address,NA,100,23,TRUE,2021-05-17 23:07:30,R_3nU7Ka8JSvLCNHx,,,,,NA,NA,anonymous,EN,No,,,,,,,,,,,,,,,,,,,,,,,,,,,,,,,,,,,,,,,,,,,,,,,,,,,,,,,,,,,,,,,,,,,,,,,,,,,,,,,,,,,,,,,,
2021-05-18 05:41:21,2021-05-18 05:41:23,IP Address,NA,100,1,TRUE,2021-05-18 05:41:23,R_1P4SdY5XD2mTlNj,,,,,NA,NA,social,EN,,,,,,,,,,,,,,,,,,,,,,,,,,,,,,,,,,,,,,,,,,,,,,,,,,,,,,,,,,,,,,,,,,,,,,,,,,,,,,,,,,,,,,,,,
2021-05-19 10:25:28,2021-05-19 10:46:49,Survey Preview,NA,100,1280,TRUE,2021-05-19 10:46:50,R_1kLfSyUv4AmOZFq,,,,,NA,NA,preview,EN,Yes,Native English speaker,,"I have some exposure to Japanese (such as through anime or J-pop), but have never systematically learned it",18 or older,"No, I am able to hear with a hearing aid or other method","No, I am able to see with visual aids, such glasses or contacts","Yes, I am in a quiet space",,"Yes, I am using headphones",,,,,,,,,,,,,,,,,,,,,,,,,,,,,,,,,,,,,73.109,80.252,7.423,88.095,87.955,74.09,81.232,79.412,83.473,88.375,89.776,85.154,81.513,80.252,86.975,76.751,0,89.076,90.476,70.728,79.972,90.616,87.675,87.675,82.913,75.21,72.409,77.731,93.838,73.669,78.431,72.129,77.171,83.894,82.773,81.232,Female,Male,Asian,,,,Paid attention most of the time
2021-05-19 11:59:47,2021-05-19 12:06:23,IP Address,NA,100,395,TRUE,2021-05-19 12:06:23,R_3fNMG48QevyF0mN,,,,,NA,NA,social,EN,Yes,Fluent Non-English speaker,,"I have some exposure to Japanese (such as through anime or J-pop), but have never systematically learned it",18 or older,"No, I do not suffer from any hearing impairments","No, I do not suffer from any type of vision loss","Yes, I am in a quiet space",,"Yes, I am using headphones",,,,,,,,,,,,,,,,,,,,,,,,,,,,,,,,,,,,,100,0,100,100,100,100,100,100,100,100,100,0,0,0,0,0,0,0,0,0,100,100,100,100,100,100,100,100,0,0,0,0,0,0,0,0,Male,Male,White,Polish,English,,Paid attention most of the time
2021-05-19 12:46:08,2021-05-19 12:46:12,IP Address,NA,100,4,TRUE,2021-05-19 12:46:13,R_2q4wFeV0VYElDVA,,,,,NA,NA,social,EN,,,,,,,,,,,,,,,,,,,,,,,,,,,,,,,,,,,,,,,,,,,,,,,,,,,,,,,,,,,,,,,,,,,,,,,,,,,,,,,,,,,,,,,,,
2021-05-19 12:39:32,2021-05-19 12:57:01,IP Address,NA,100,1049,TRUE,2021-05-19 12:57:02,R_2yjUeznutxUD6k8,,,,,NA,NA,social,EN,Yes,Native English speaker,,"I have some exposure to Japanese (such as through anime or J-pop), but have never systematically learned it",18 or older,"No, I do not suffer from any hearing impairments","No, I am able to see with visual aids, such glasses or contacts","Yes, I am in a quiet space",,"Yes, I am using headphones",71.18,75.201,32.038,79.625,92.761,62.064,74.397,19.437,20.107,23.861,17.828,75.871,86.997,73.056,65.282,29.357,18.767,18.365,19.303,0,73.592,95.845,69.169,70.643,25.469,17.56,21.046,21.18,74.665,99.196,80.965,71.716,25.737,22.52,16.354,20.241,,,,,,,,,,,,,,,,,,,,,,,,,,,,,,,,,,,,,Female,Female,Asian,english,,,Paid attention most of the time
2021-05-19 12:57:50,2021-05-19 12:57:52,IP Address,NA,100,2,TRUE,2021-05-19 12:57:52,R_2VOzSFWO9O8nUXI,,,,,NA,NA,social,EN,,,,,,,,,,,,,,,,,,,,,,,,,,,,,,,,,,,,,,,,,,,,,,,,,,,,,,,,,,,,,,,,,,,,,,,,,,,,,,,,,,,,,,,,,
2021-05-19 13:35:08,2021-05-19 13:41:55,IP Address,NA,100,407,TRUE,2021-05-19 13:41:56,R_T0i3Kk5ddIXvj0J,,,,,NA,NA,anonymous,EN,Yes,Native English speaker,,I have little or no exposure to Japanese,18 or older,"No, I do not suffer from any hearing impairments","No, I do not suffer from any type of vision loss","Yes, I am in a quiet space",,"Yes, I am using headphones",,,,,,,,,,,,,,,,,,,,,,,,,,,,,,,,,,,,,55.898,33.512,84.316,57.64,72.386,56.434,53.485,63.404,60.321,66.622,44.235,35.79,50.535,31.367,46.246,42.359,0,43.029,58.311,31.099,59.249,54.155,61.26,60.053,63.941,54.289,63.404,54.423,16.085,26.005,35.925,23.86,29.49,33.914,38.605,35.656,Male,Male,White,English,English,"Latin, Spanish",Paid attention most of the time
2021-05-19 14:08:51,2021-05-19 14:08:53,IP Address,NA,100,1,TRUE,2021-05-19 14:08:53,R_b26u9aE60La0NVv,,,,,NA,NA,social,EN,,,,,,,,,,,,,,,,,,,,,,,,,,,,,,,,,,,,,,,,,,,,,,,,,,,,,,,,,,,,,,,,,,,,,,,,,,,,,,,,,,,,,,,,,
2021-05-19 14:23:39,2021-05-19 14:23:41,IP Address,NA,100,2,TRUE,2021-05-19 14:23:42,R_23Tw3XRvcESz5UC,,,,,NA,NA,social,EN,,,,,,,,,,,,,,,,,,,,,,,,,,,,,,,,,,,,,,,,,,,,,,,,,,,,,,,,,,,,,,,,,,,,,,,,,,,,,,,,,,,,,,,,,
2021-05-19 15:03:00,2021-05-19 15:03:04,IP Address,NA,100,3,TRUE,2021-05-19 15:03:05,R_vUNoZxTl02gLa25,,,,,NA,NA,social,EN,,,,,,,,,,,,,,,,,,,,,,,,,,,,,,,,,,,,,,,,,,,,,,,,,,,,,,,,,,,,,,,,,,,,,,,,,,,,,,,,,,,,,,,,,
2021-05-19 15:15:15,2021-05-19 15:15:17,IP Address,NA,100,1,TRUE,2021-05-19 15:15:18,R_Uxss7k8JlNrVVoR,,,,,NA,NA,social,EN,,,,,,,,,,,,,,,,,,,,,,,,,,,,,,,,,,,,,,,,,,,,,,,,,,,,,,,,,,,,,,,,,,,,,,,,,,,,,,,,,,,,,,,,,
2021-05-19 15:37:26,2021-05-19 15:44:09,IP Address,NA,100,402,TRUE,2021-05-19 15:44:09,R_8ICFSSsJWqNqHYZ,,,,,NA,NA,social,EN,Yes,Native English speaker,,I have little or no exposure to Japanese,18 or older,"No, I do not suffer from any hearing impairments","No, I am able to see with visual aids, such glasses or contacts","Yes, I am in a quiet space",,"Yes, I am using my device's speaker",50.938,72.922,77.078,57.641,78.82,56.3,73.995,63.673,8.713,18.499,34.853,88.606,86.327,72.922,90.349,18.231,34.987,27.346,36.327,0,57.641,67.292,64.075,65.416,24.263,31.635,33.646,100,69.705,63.137,64.075,66.488,13.941,27.078,32.44,41.689,,,,,,,,,,,,,,,,,,,,,,,,,,,,,,,,,,,,,Male,Male,White,Potipalakous,Potipalakous,American,Paid close attention to all of the questions
2021-05-19 15:52:55,2021-05-19 15:52:57,IP Address,NA,100,2,TRUE,2021-05-19 15:52:57,R_1dpql9VkayojZ56,,,,,NA,NA,social,EN,,,,,,,,,,,,,,,,,,,,,,,,,,,,,,,,,,,,,,,,,,,,,,,,,,,,,,,,,,,,,,,,,,,,,,,,,,,,,,,,,,,,,,,,,
2021-05-19 16:57:39,2021-05-19 17:09:57,IP Address,NA,100,737,TRUE,2021-05-19 17:09:58,R_eV8mhtzWeeCmVgZ,,,,,NA,NA,social,EN,Yes,Not Fluent English speaker,,"I have some exposure to Japanese (such as through anime or J-pop), but have never systematically learned it",18 or older,"No, I do not suffer from any hearing impairments","No, I am able to see with visual aids, such glasses or contacts","Yes, I am in a quiet space",,"Yes, I am using headphones",84.048,78.686,8.445,11.394,0,9.115,10.724,0,10.59,0,10.188,11.662,14.343,0,15.416,0,0,13.807,0,0,15.282,0,0,0,0,15.147,15.55,15.416,0,11.796,0,10.456,10.322,11.796,0,0,,,,,,,,,,,,,,,,,,,,,,,,,,,,,,,,,,,,,Male,Male,White,Italian ,"english, latin","spanish , a bit of russian ,all of abobe too",Paid attention most of the time
2021-05-19 17:25:23,2021-05-19 17:35:08,IP Address,NA,100,585,TRUE,2021-05-19 17:35:08,R_3it1jYce3avO8W2,,,,,NA,NA,social,EN,Yes,Native English speaker,,"I have some exposure to Japanese (such as through anime or J-pop), but have never systematically learned it",18 or older,"No, I do not suffer from any hearing impairments","No, I am able to see with visual aids, such glasses or contacts","Yes, I am in a quiet space",,"Yes, I am using my device's speaker",,,,,,,,,,,,,,,,,,,,,,,,,,,,,,,,,,,,,68.767,100,4.021,54.692,98.928,85.657,84.182,15.282,9.92,18.365,0,52.145,55.362,76.139,80.429,8.579,0,14.477,8.311,0,54.29,96.113,54.29,97.051,10.724,14.075,27.346,0,53.485,80.563,52.547,78.418,17.292,15.282,13.807,0,Male,Male,White,English,English,"English, Spanish, Japanese, Arabic, German",Paid close attention to all of the questions
2021-05-19 19:02:12,2021-05-19 19:02:17,IP Address,NA,100,5,TRUE,2021-05-19 19:02:18,R_3pfDiOuZut5q8AZ,,,,,NA,NA,social,EN,,,,,,,,,,,,,,,,,,,,,,,,,,,,,,,,,,,,,,,,,,,,,,,,,,,,,,,,,,,,,,,,,,,,,,,,,,,,,,,,,,,,,,,,,
2021-05-19 18:55:51,2021-05-19 19:02:42,IP Address,NA,100,411,TRUE,2021-05-19 19:02:42,R_2COBA9lhU1IVrCC,,,,,NA,NA,social,EN,Yes,Native English speaker,,"I have some exposure to Japanese (such as through anime or J-pop), but have never systematically learned it",18 or older,"No, I do not suffer from any hearing impairments","No, I am able to see with visual aids, such glasses or contacts","Yes, I am in a quiet space",,"Yes, I am using headphones",43.029,63.271,38.204,57.641,63.539,59.517,60.322,43.298,44.772,41.957,41.555,59.517,59.383,54.558,56.3,43.432,42.895,42.493,40.751,0,58.981,56.836,43.968,58.177,43.7,42.091,43.968,43.432,56.032,58.043,56.702,58.579,45.04,41.689,43.029,41.421,,,,,,,,,,,,,,,,,,,,,,,,,,,,,,,,,,,,,Female,Female,White,English,,"Spanish, French",Paid close attention to all of the questions
2021-05-19 19:17:24,2021-05-19 19:17:27,IP Address,NA,100,3,TRUE,2021-05-19 19:17:28,R_diD5DvWZRZA9f0t,,,,,NA,NA,social,EN,,,,,,,,,,,,,,,,,,,,,,,,,,,,,,,,,,,,,,,,,,,,,,,,,,,,,,,,,,,,,,,,,,,,,,,,,,,,,,,,,,,,,,,,,
2021-05-20 01:07:19,2021-05-20 01:07:31,IP Address,NA,100,11,TRUE,2021-05-20 01:07:31,R_2tLFc3JH20SNo9b,,,,,NA,NA,social,EN,,,,,,,,,,,,,,,,,,,,,,,,,,,,,,,,,,,,,,,,,,,,,,,,,,,,,,,,,,,,,,,,,,,,,,,,,,,,,,,,,,,,,,,,,
2021-05-20 02:16:25,2021-05-20 02:25:53,IP Address,NA,100,567,TRUE,2021-05-20 02:25:54,R_3h0FkbOKM8lCOJT,,,,,NA,NA,social,EN,Yes,Native English speaker,,I have little or no exposure to Japanese,18 or older,"No, I do not suffer from any hearing impairments","No, I do not suffer from any type of vision loss","Yes, I am in a quiet space",,"Yes, I am using my device's speaker",,,,,,,,,,,,,,,,,,,,,,,,,,,,,,,,,,,,,89.678,4.96,95.174,100,81.903,17.426,86.595,69.571,63.807,95.576,79.357,28.15,48.123,14.075,17.694,33.378,0,36.595,14.075,20.107,73.861,78.686,40.483,31.501,89.008,33.11,30.295,20.643,14.075,15.282,5.764,22.788,4.826,15.818,4.424,0.134,Female,Female,White,english,,"italian, mandarin",Paid close attention to all of the questions
2021-05-20 06:19:07,2021-05-20 06:19:14,IP Address,NA,100,6,TRUE,2021-05-20 06:19:14,R_1pSvhWdfVMg3NUi,,,,,NA,NA,social,EN,,,,,,,,,,,,,,,,,,,,,,,,,,,,,,,,,,,,,,,,,,,,,,,,,,,,,,,,,,,,,,,,,,,,,,,,,,,,,,,,,,,,,,,,,
2021-05-19 20:23:38,2021-05-20 13:28:06,IP Address,NA,100,61467,TRUE,2021-05-20 13:28:06,R_DkhO508PjjoGYmt,,,,,NA,NA,social,EN,Yes,Native English speaker,,"I have some exposure to Japanese (such as through anime or J-pop), but have never systematically learned it",18 or older,"No, I do not suffer from any hearing impairments","No, I am able to see with visual aids, such glasses or contacts","Yes, I am in a quiet space",,"Yes, I am using headphones",,,,,,,,,,,,,,,,,,,,,,,,,,,,,,,,,,,,,0,100,100,56.568,100,100,100,100,95.308,3.887,100,51.609,100,100,100,100,0,100,0,100,56.434,100,86.863,100,100,100,0,100,52.547,100,100,97.051,99.196,100,10.322,100,Female,Gender Nonconforming,Asian,"English, Chinese","English, Chinese","English, Chinese, American Sign Language, Taiwanese, Japanese, Spanish, French, French Sign Language, Taiwanese Sign Language",Paid close attention to all of the questions
2021-05-20 14:15:01,2021-05-20 14:20:37,IP Address,NA,100,336,TRUE,2021-05-20 14:20:38,R_2Yb0NyPjABcNTLr,,,,,NA,NA,social,EN,Yes,Native English speaker,,"I have some exposure to Japanese (such as through anime or J-pop), but have never systematically learned it",18 or older,"No, I do not suffer from any hearing impairments","No, I am able to see with visual aids, such glasses or contacts","Yes, I am in a quiet space",,"Yes, I am using my device's speaker",70.643,56.568,39.812,49.464,84.316,55.63,58.981,23.19,34.45,35.791,35.657,64.343,91.689,49.464,80.161,20.509,37.668,36.997,36.193,0,73.592,89.946,65.013,66.756,24.129,43.968,31.501,41.957,50.804,89.142,65.55,56.166,17.828,34.316,39.544,38.472,,,,,,,,,,,,,,,,,,,,,,,,,,,,,,,,,,,,,Female,Female,2 or more ethnicities/races,English,French,"Spanish, ASL",Paid close attention to all of the questions
2021-05-20 15:55:55,2021-05-20 15:56:01,IP Address,NA,100,6,TRUE,2021-05-20 15:56:02,R_2b1dB9bxM2kU78N,,,,,NA,NA,social,EN,,,,,,,,,,,,,,,,,,,,,,,,,,,,,,,,,,,,,,,,,,,,,,,,,,,,,,,,,,,,,,,,,,,,,,,,,,,,,,,,,,,,,,,,,
2021-05-20 15:58:06,2021-05-20 15:59:25,IP Address,NA,100,79,TRUE,2021-05-20 15:59:26,R_2VpvzNqJH6c5I7o,,,,,NA,NA,social,EN,Yes,Fluent Non-English speaker,,"I have some exposure to Japanese (such as through anime or J-pop), but have never systematically learned it",18 or older,"No, I do not suffer from any hearing impairments","Yes, it is difficult to see in my day to day life",,,,,,,,,,,,,,,,,,,,,,,,,,,,,,,,,,,,,,,,,,,,,,,,,,,,,,,,,,,,,,,,,,,,,,,,,,,,,,,,,,
2021-05-20 17:10:16,2021-05-20 17:10:18,IP Address,NA,100,2,TRUE,2021-05-20 17:10:19,R_0B7d53NvW5cyuwF,,,,,NA,NA,social,EN,,,,,,,,,,,,,,,,,,,,,,,,,,,,,,,,,,,,,,,,,,,,,,,,,,,,,,,,,,,,,,,,,,,,,,,,,,,,,,,,,,,,,,,,,
2021-05-20 17:50:33,2021-05-20 17:51:14,IP Address,NA,100,40,TRUE,2021-05-20 17:51:14,R_2feRktGrX75PWpx,,,,,NA,NA,anonymous,EN,Yes,Native English speaker,,I have significant exposure to Japanese (such as from speaking or writing),18 or older,"No, I do not suffer from any hearing impairments","No, I am able to see with visual aids, such glasses or contacts",,,,,,,,,,,,,,,,,,,,,,,,,,,,,,,,,,,,,,,,,,,,,,,,,,,,,,,,,,,,,,,,,,,,,,,,,,,,,,,,,,
2021-05-20 18:35:01,2021-05-20 18:38:13,IP Address,NA,100,192,TRUE,2021-05-20 18:38:14,R_3qsyx3tGGB79bqq,,,,,NA,NA,social,EN,Yes,Native English speaker,,I have little or no exposure to Japanese,18 or older,"No, I do not suffer from any hearing impairments","No, I am able to see with visual aids, such glasses or contacts","Yes, I am in a quiet space",,"Yes, I am using my device's speaker",69.169,98.66,4.155,90.349,94.102,81.769,94.37,10.456,6.166,6.568,3.351,91.153,95.71,97.051,96.113,3.887,6.032,4.558,5.898,0,97.319,97.319,93.432,95.308,10.59,10.188,14.879,4.155,95.174,95.979,96.247,93.834,5.362,5.362,3.351,4.021,,,,,,,,,,,,,,,,,,,,,,,,,,,,,,,,,,,,,Female,Female,Asian,English,Gujarati,"Arabic, Spanish",Paid close attention to all of the questions
2021-05-21 02:07:46,2021-05-21 02:07:49,IP Address,NA,100,3,TRUE,2021-05-21 02:07:50,R_2at6oE6p7ms908S,,,,,NA,NA,social,EN,,,,,,,,,,,,,,,,,,,,,,,,,,,,,,,,,,,,,,,,,,,,,,,,,,,,,,,,,,,,,,,,,,,,,,,,,,,,,,,,,,,,,,,,,
2021-05-21 14:32:35,2021-05-21 14:32:37,IP Address,NA,100,1,TRUE,2021-05-21 14:32:37,R_3KYPc9c7T8iYMse,,,,,NA,NA,anonymous,EN,,,,,,,,,,,,,,,,,,,,,,,,,,,,,,,,,,,,,,,,,,,,,,,,,,,,,,,,,,,,,,,,,,,,,,,,,,,,,,,,,,,,,,,,,
2021-05-21 15:16:32,2021-05-21 15:16:36,IP Address,NA,100,3,TRUE,2021-05-21 15:16:36,R_1M3zeoGAJEMdBY1,,,,,NA,NA,social,EN,,,,,,,,,,,,,,,,,,,,,,,,,,,,,,,,,,,,,,,,,,,,,,,,,,,,,,,,,,,,,,,,,,,,,,,,,,,,,,,,,,,,,,,,,
2021-05-21 15:19:54,2021-05-21 15:20:01,IP Address,NA,100,6,TRUE,2021-05-21 15:20:01,R_2rNFfEwT5w5VM6T,,,,,NA,NA,social,EN,,,,,,,,,,,,,,,,,,,,,,,,,,,,,,,,,,,,,,,,,,,,,,,,,,,,,,,,,,,,,,,,,,,,,,,,,,,,,,,,,,,,,,,,,
2021-05-21 15:36:09,2021-05-21 15:36:14,IP Address,NA,100,4,TRUE,2021-05-21 15:36:14,R_2aOAdEyHhAmMj84,,,,,NA,NA,social,EN,,,,,,,,,,,,,,,,,,,,,,,,,,,,,,,,,,,,,,,,,,,,,,,,,,,,,,,,,,,,,,,,,,,,,,,,,,,,,,,,,,,,,,,,,
2021-05-21 16:01:29,2021-05-21 16:11:26,IP Address,NA,100,597,TRUE,2021-05-21 16:11:27,R_3F23kqMuPuc6QfJ,,,,,NA,NA,social,EN,Yes,Native English speaker,,I have little or no exposure to Japanese,18 or older,"No, I do not suffer from any hearing impairments","No, I do not suffer from any type of vision loss","Yes, I am in a quiet space",,"Yes, I am using headphones",,,,,,,,,,,,,,,,,,,,,,,,,,,,,,,,,,,,,100,84.987,84.316,69.839,62.198,85.255,86.461,74.531,81.233,75.335,83.11,16.22,26.944,8.177,34.316,23.458,0,31.635,28.954,25.469,0,3.887,26.273,0,31.769,7.105,20.912,23.19,4.424,29.357,35.925,39.544,38.204,38.07,58.981,59.383,Female,Female,White,English ,"Irish, German","French, Spanish, Italian",Paid attention most of the time
2021-05-21 16:24:05,2021-05-21 16:27:21,IP Address,NA,100,195,TRUE,2021-05-21 16:27:21,R_PZO8NKDwyUKGU25,,,,,NA,NA,social,EN,Yes,Native English speaker,,I have little or no exposure to Japanese,18 or older,"No, I do not suffer from any hearing impairments","No, I do not suffer from any type of vision loss","Yes, I am in a quiet space",,"Yes, I am using headphones",73.19,99.732,26.542,60.456,79.893,49.464,80.697,27.346,7.373,10.054,28.954,73.727,42.761,46.783,86.729,5.898,11.126,10.456,34.987,0,68.633,77.882,72.252,79.223,16.086,3.083,8.043,32.574,97.855,91.153,59.249,78.15,25.871,15.416,16.086,30.563,,,,,,,,,,,,,,,,,,,,,,,,,,,,,,,,,,,,,Male,Male,Hispanic or Latino,english spanish,,,Paid attention sometimes
2021-05-21 16:27:30,2021-05-21 16:27:46,IP Address,NA,100,16,TRUE,2021-05-21 16:27:46,R_PTFNNv7357yeryV,,,,,NA,NA,social,EN,Yes,Fluent Non-English speaker,,"I have some exposure to Japanese (such as through anime or J-pop), but have never systematically learned it",Under 18,"Yes, it is difficult for me to hear in my day to day life","No, I do not suffer from any type of vision loss",,,,,,,,,,,,,,,,,,,,,,,,,,,,,,,,,,,,,,,,,,,,,,,,,,,,,,,,,,,,,,,,,,,,,,,,,,,,,,,,,,
2021-05-14 16:50:15,2021-05-14 17:21:55,IP Address,NA,19,1900,FALSE,2021-05-21 17:21:58,R_1ocCO6jUy3mWyw5,,,,,NA,NA,anonymous,EN,Yes,Fluent Non-English speaker,,"I have some exposure to Japanese (such as through anime or J-pop), but have never systematically learned it",18 or older,"No, I do not suffer from any hearing impairments","No, I do not suffer from any type of vision loss","Yes, I am in a quiet space",,"Yes, I am using headphones",85.121,4.29,82.306,,,,,,,,,,,,,,,,,,,,,,,,,,,,,,,,,,,,,,,,,,,,,,,,,,,,,,,,,,,,,,,,,,,,,,,,,,,,
2021-05-14 17:22:09,2021-05-14 17:25:13,IP Address,NA,65,184,FALSE,2021-05-21 17:25:14,R_vCPCxbw1FRT8Uy5,,,,,NA,NA,anonymous,EN,Yes,Fluent Non-English speaker,,"I have some exposure to Japanese (such as through anime or J-pop), but have never systematically learned it",18 or older,"No, I do not suffer from any hearing impairments","No, I do not suffer from any type of vision loss","Yes, I am in a quiet space",,"Yes, I am using headphones",,,,,,,,,,,,,,,,,,,,,,,,,,,,,,,,,,,,,90.617,7.373,5.63,,,9.517,,,,,,,,,7.775,,,,,7.775,,8.579,,,,,,,,,,,8.043,8.713,8.043,,,,,,,,
2021-05-21 17:46:57,2021-05-21 17:47:45,IP Address,NA,100,48,TRUE,2021-05-21 17:47:45,R_2B3yQ7TNUgNhCC0,,,,,NA,NA,anonymous,EN,Yes,Native English speaker,,I have little or no exposure to Japanese,18 or older,"No, I do not suffer from any hearing impairments","Yes, it is difficult to see in my day to day life",,,,,,,,,,,,,,,,,,,,,,,,,,,,,,,,,,,,,,,,,,,,,,,,,,,,,,,,,,,,,,,,,,,,,,,,,,,,,,,,,,
2021-05-21 17:49:10,2021-05-21 17:55:34,IP Address,NA,100,383,TRUE,2021-05-21 17:55:34,R_3EyGsC8H0fZ5PRI,,,,,NA,NA,anonymous,EN,Yes,Native English speaker,,I have little or no exposure to Japanese,18 or older,"No, I do not suffer from any hearing impairments","No, I am able to see with visual aids, such glasses or contacts","Yes, I am in a quiet space",,"Yes, I am using my device's speaker",26.676,100,0,63.539,85.255,60.858,97.453,37.131,38.472,37.668,26.273,57.373,100,59.92,57.105,11.662,0,27.748,11.394,0,61.662,85.121,71.18,82.976,31.903,43.432,42.627,9.115,56.568,99.732,58.177,94.906,26.273,0,32.306,13.673,,,,,,,,,,,,,,,,,,,,,,,,,,,,,,,,,,,,,Female,Female,White,English ,English ,French ,Paid attention most of the time
2021-05-21 18:37:05,2021-05-21 18:37:09,IP Address,NA,100,3,TRUE,2021-05-21 18:37:09,R_3KMChxy9mYm4qWI,,,,,NA,NA,anonymous,EN,,,,,,,,,,,,,,,,,,,,,,,,,,,,,,,,,,,,,,,,,,,,,,,,,,,,,,,,,,,,,,,,,,,,,,,,,,,,,,,,,,,,,,,,,
2021-05-14 18:37:16,2021-05-14 18:38:46,IP Address,NA,55,90,FALSE,2021-05-21 18:38:46,R_21jN5AzW3Zbv48t,,,,,NA,NA,anonymous,EN,Yes,Native English speaker,,"I have some exposure to Japanese (such as through anime or J-pop), but have never systematically learned it",18 or older,"No, I do not suffer from any hearing impairments","No, I am able to see with visual aids, such glasses or contacts","Yes, I am in a quiet space",,"Yes, I am using my device's speaker",,,,,,,,,,,,,,,,,,,,,,,,,,,,,,,,,,,,,80.831,,,,,,,,,,,,,,,,,,,,,,,,,,,,,,,,,,,,,,,,,,
2021-05-14 19:27:27,2021-05-14 19:33:08,IP Address,NA,55,341,FALSE,2021-05-21 19:33:13,R_2723KtRMshplkjq,,,,,NA,NA,anonymous,EN,Yes,Native English speaker,,"I have some exposure to Japanese (such as through anime or J-pop), but have never systematically learned it",18 or older,"No, I do not suffer from any hearing impairments","No, I am able to see with visual aids, such glasses or contacts","Yes, I am in a quiet space",,"Yes, I am using headphones",,,,,,,,,,,,,,,,,,,,,,,,,,,,,,,,,,,,,63.271,,,,,,,,,,,,,,,,,,,,,,,,,,,,,,,,,,,,,,,,,,
2021-05-22 00:26:52,2021-05-22 00:26:54,IP Address,NA,100,1,TRUE,2021-05-22 00:26:54,R_3LbCQW5yYhJJJip,,,,,NA,NA,social,EN,,,,,,,,,,,,,,,,,,,,,,,,,,,,,,,,,,,,,,,,,,,,,,,,,,,,,,,,,,,,,,,,,,,,,,,,,,,,,,,,,,,,,,,,,
2021-05-14 22:01:16,2021-05-15 01:20:37,IP Address,NA,8,11960,FALSE,2021-05-22 01:20:44,R_3DjcYrf4ZDeh9XO,,,,,NA,NA,anonymous,EN,Yes,Fluent Non-English speaker,,I have little or no exposure to Japanese,18 or older,"No, I do not suffer from any hearing impairments","No, I am able to see with visual aids, such glasses or contacts",,,,,,,,,,,,,,,,,,,,,,,,,,,,,,,,,,,,,,,,,,,,,,,,,,,,,,,,,,,,,,,,,,,,,,,,,,,,,,,,,,
2021-05-22 07:18:13,2021-05-22 07:24:52,IP Address,NA,100,398,TRUE,2021-05-22 07:24:52,R_1JKHMz0YL8gT4Qj,,,,,NA,NA,social,EN,Yes,Fluent Non-English speaker,,I have little or no exposure to Japanese,18 or older,"No, I do not suffer from any hearing impairments","No, I do not suffer from any type of vision loss","Yes, I am in a quiet space",,"Yes, I am using headphones",,,,,,,,,,,,,,,,,,,,,,,,,,,,,,,,,,,,,83.914,78.418,76.81,45.71,43.834,70.777,41.019,30.027,77.614,38.606,34.45,67.828,74.933,47.453,75.871,43.432,0,42.895,47.051,57.775,70.777,81.769,73.324,60.59,30.161,62.198,62.466,38.338,33.646,62.466,34.316,41.823,45.576,43.7,27.078,45.979,Male,Male,White,"Finnish, English, French",Swedish,,Paid close attention to all of the questions
2021-05-22 17:01:40,2021-05-22 17:08:06,IP Address,NA,100,385,TRUE,2021-05-22 17:08:06,R_33lr7hCpaOJl0qI,,,,,NA,NA,social,EN,Yes,Not Fluent English speaker,,"I have some exposure to Japanese (such as through anime or J-pop), but have never systematically learned it",18 or older,"No, I do not suffer from any hearing impairments","No, I do not suffer from any type of vision loss","Yes, I am in a quiet space",,"Yes, I am using headphones",15.55,97.319,87.802,100,97.453,93.566,93.566,6.702,8.177,1.34,4.692,78.15,100,100,98.123,0,0,2.011,8.043,0,80.965,92.895,91.019,88.204,12.869,6.568,2.815,0,100,97.989,88.74,90.08,1.609,2.815,0,3.485,,,,,,,,,,,,,,,,,,,,,,,,,,,,,,,,,,,,,Male,Male,Native Hawaiian or Other Pacific Islander,,,,Paid close attention to all of the questions
2021-05-23 01:31:58,2021-05-23 01:36:35,IP Address,NA,100,276,TRUE,2021-05-23 01:36:35,R_2ASCQIhMH8m4Emy,,,,,NA,NA,social,EN,Yes,Fluent Non-English speaker,,"I have some exposure to Japanese (such as through anime or J-pop), but have never systematically learned it",18 or older,"No, I do not suffer from any hearing impairments","No, I am able to see with visual aids, such glasses or contacts","Yes, I am in a quiet space",,"Yes, I am using headphones",77.212,59.383,64.879,67.828,91.153,80.965,70.107,27.078,49.464,32.172,18.097,83.378,82.172,68.767,68.231,23.995,31.903,32.842,19.437,0,80.429,79.357,73.19,75.067,22.922,39.678,49.464,17.426,83.244,81.501,57.775,78.016,33.244,36.461,36.997,30.563,,,,,,,,,,,,,,,,,,,,,,,,,,,,,,,,,,,,,Male,Male,White,"German, English",,"French, Spanish",Paid close attention to all of the questions
2021-05-16 13:34:14,2021-05-16 13:37:31,IP Address,NA,75,197,FALSE,2021-05-23 13:37:32,R_2AWEi1lKma56o5f,,,,,NA,NA,social,EN,Yes,Native English speaker,,I have little or no exposure to Japanese,18 or older,"No, I am able to hear with a hearing aid or other method","No, I am able to see with visual aids, such glasses or contacts","Yes, I am in a quiet space",,"Yes, I am using my device's speaker",,,,,,,,,,,,,,,,,,,,,,,,,,,,,,,,,,,,,100,0,99.196,,100,,,,,,,0,0,,,0,0,,,5.362,24.799,,12.466,20.643,,0,20.777,20.777,95.576,94.638,,100,95.174,96.381,,,,,,,,,
2021-05-23 21:05:45,2021-05-23 21:05:56,IP Address,NA,100,10,TRUE,2021-05-23 21:05:57,R_2lPOoauqHV0cM1P,,,,,NA,NA,social,EN,,,,,,,,,,,,,,,,,,,,,,,,,,,,,,,,,,,,,,,,,,,,,,,,,,,,,,,,,,,,,,,,,,,,,,,,,,,,,,,,,,,,,,,,,
2021-05-23 21:06:14,2021-05-23 21:10:54,IP Address,NA,100,279,TRUE,2021-05-23 21:10:54,R_1i9ZxAK7trc0Ad6,,,,,NA,NA,social,EN,Yes,Native English speaker,,"I have some exposure to Japanese (such as through anime or J-pop), but have never systematically learned it",18 or older,"No, I do not suffer from any hearing impairments","No, I am able to see with visual aids, such glasses or contacts","Yes, I am in a quiet space",,"Yes, I am using headphones",68.803,93.029,8.403,29.611,79.644,81.536,69.252,28.232,28.489,14.152,21.337,78.842,76.565,74.801,20.086,13.96,18.707,25.474,20.342,0,67.905,76.533,70.659,70.728,17.873,22.652,23.036,19.124,43.774,68.066,77.27,69.22,27.27,21.208,27.559,18.482,,,,,,,,,,,,,,,,,,,,,,,,,,,,,,,,,,,,,Female,Female,2 or more ethnicities/races,English,,Spanish ,Paid close attention to all of the questions
2021-05-23 21:10:58,2021-05-23 21:15:25,IP Address,NA,100,267,TRUE,2021-05-23 21:15:25,R_27WeSSk5OFufPCg,,,,,NA,NA,social,EN,Yes,Native English speaker,,"I have some exposure to Japanese (such as through anime or J-pop), but have never systematically learned it",18 or older,"No, I do not suffer from any hearing impairments","No, I am able to see with visual aids, such glasses or contacts","Yes, I am in a quiet space",,"Yes, I am using headphones",,,,,,,,,,,,,,,,,,,,,,,,,,,,,,,,,,,,,79.254,67.954,27.48,65.013,72.922,62.109,66.354,30.831,38.204,32.574,30.295,63.003,65.684,72.386,41.421,34.987,0,27.078,27.346,19.035,72.922,75.067,70.107,71.314,57.118,36.863,43.834,36.327,63.807,65.147,59.651,65.952,23.19,29.893,23.583,15.013,Female,Female,White,English ,,Spanish ,Paid close attention to all of the questions
2021-05-23 23:00:51,2021-05-23 23:04:17,IP Address,NA,100,206,TRUE,2021-05-23 23:04:18,R_24wpaERGRrV7Ha8,,,,,NA,NA,social,EN,Yes,Native English speaker,,I have little or no exposure to Japanese,18 or older,"No, I do not suffer from any hearing impairments","No, I do not suffer from any type of vision loss","Yes, I am in a quiet space",,"Yes, I am using my device's speaker",72.727,94.602,7.955,91.193,77.699,91.477,89.205,35.795,51.278,46.449,11.648,94.602,66.619,67.045,86.648,27.699,49.574,47.869,17.614,0,93.182,62.642,59.375,84.801,35.653,49.574,47.017,7.67,91.051,60.653,63.778,79.688,42.188,49.574,45.313,13.92,,,,,,,,,,,,,,,,,,,,,,,,,,,,,,,,,,,,,Male,Male,White,"English, Finnish","Russian, Mandarin, Korean","English, Finnish",Paid attention most of the time
2021-05-24 00:17:26,2021-05-24 00:17:32,IP Address,NA,100,5,TRUE,2021-05-24 00:17:32,R_3eqKskyWyvk75yC,,,,,NA,NA,social,EN,,,,,,,,,,,,,,,,,,,,,,,,,,,,,,,,,,,,,,,,,,,,,,,,,,,,,,,,,,,,,,,,,,,,,,,,,,,,,,,,,,,,,,,,,
2021-05-24 00:54:40,2021-05-24 00:54:43,IP Address,NA,100,3,TRUE,2021-05-24 00:54:44,R_2Ebh2oVwSEu3apJ,,,,,NA,NA,social,EN,,,,,,,,,,,,,,,,,,,,,,,,,,,,,,,,,,,,,,,,,,,,,,,,,,,,,,,,,,,,,,,,,,,,,,,,,,,,,,,,,,,,,,,,,
2021-05-24 00:54:49,2021-05-24 00:54:51,Spam,NA,100,1,TRUE,2021-05-24 00:54:51,R_3iwCLlvwwXWmhRO,,,,,NA,NA,social,EN,,,,,,,,,,,,,,,,,,,,,,,,,,,,,,,,,,,,,,,,,,,,,,,,,,,,,,,,,,,,,,,,,,,,,,,,,,,,,,,,,,,,,,,,,
2021-05-24 01:03:56,2021-05-24 01:09:11,IP Address,NA,100,315,TRUE,2021-05-24 01:09:11,R_3nCURprjCtQ6WDP,,,,,NA,NA,social,EN,Yes,Fluent Non-English speaker,,"I have some exposure to Japanese (such as through anime or J-pop), but have never systematically learned it",18 or older,"No, I do not suffer from any hearing impairments","No, I am able to see with visual aids, such glasses or contacts","Yes, I am in a quiet space",,"Yes, I am using headphones",,,,,,,,,,,,,,,,,,,,,,,,,,,,,,,,,,,,,94.638,28.686,92.091,86.461,92.761,83.11,86.729,45.576,70.509,52.011,58.043,65.952,92.895,94.906,95.576,55.496,0,61.126,70.777,58.043,80.965,84.048,68.365,81.635,60.054,60.456,35.657,39.41,46.649,45.174,26.81,36.059,44.102,13.271,0,0.536,Female,Nonbinary/Third Gender,White,"Finnish, English","German, Swedish",,Paid attention most of the time
2021-05-24 01:48:07,2021-05-24 01:48:12,IP Address,NA,100,5,TRUE,2021-05-24 01:48:13,R_2cwuRPYLI6MlBsT,,,,,NA,NA,social,EN,,,,,,,,,,,,,,,,,,,,,,,,,,,,,,,,,,,,,,,,,,,,,,,,,,,,,,,,,,,,,,,,,,,,,,,,,,,,,,,,,,,,,,,,,
2021-05-24 01:54:13,2021-05-24 01:54:17,IP Address,NA,100,4,TRUE,2021-05-24 01:54:17,R_1eyjJZP48MkZZBT,,,,,NA,NA,social,EN,,,,,,,,,,,,,,,,,,,,,,,,,,,,,,,,,,,,,,,,,,,,,,,,,,,,,,,,,,,,,,,,,,,,,,,,,,,,,,,,,,,,,,,,,
2021-05-24 07:58:00,2021-05-24 07:58:06,IP Address,NA,100,6,TRUE,2021-05-24 07:58:07,R_1g1SxphYGc06A60,,,,,NA,NA,social,EN,,,,,,,,,,,,,,,,,,,,,,,,,,,,,,,,,,,,,,,,,,,,,,,,,,,,,,,,,,,,,,,,,,,,,,,,,,,,,,,,,,,,,,,,,
2021-05-24 07:57:42,2021-05-24 08:03:09,IP Address,NA,100,326,TRUE,2021-05-24 08:03:09,R_1mgROmX37HtXJIs,,,,,NA,NA,social,EN,Yes,Native English speaker,,I have little or no exposure to Japanese,18 or older,"No, I do not suffer from any hearing impairments","No, I do not suffer from any type of vision loss","Yes, I am in a quiet space",,"Yes, I am using headphones",,,,,,,,,,,,,,,,,,,,,,,,,,,,,,,,,,,,,27.212,22.654,77.346,59.853,44.638,47.453,55.362,51.743,68.901,58.177,41.421,68.097,41.823,59.92,35.389,55.898,0,40.885,43.901,46.515,72.855,60.456,69.169,72.386,72.788,44.102,59.115,66.488,43.7,81.099,36.461,19.571,51.877,64.343,67.158,67.962,Male,Male,White,English,English,"French, Hebrew, German",Paid attention most of the time
2021-05-24 09:26:44,2021-05-24 09:33:11,IP Address,NA,100,387,TRUE,2021-05-24 09:33:12,R_1Gv5lrZHZKwoDfk,,,,,NA,NA,social,EN,Yes,Fluent Non-English speaker,,I have little or no exposure to Japanese,18 or older,"No, I do not suffer from any hearing impairments","No, I do not suffer from any type of vision loss","Yes, I am in a quiet space",,"Yes, I am using my device's speaker",61.796,85.523,9.517,61.126,83.378,62.466,81.501,18.901,57.775,42.627,9.115,74.665,81.903,63.405,77.078,8.043,56.434,53.351,5.496,0,62.869,76.81,71.046,79.625,8.713,44.906,55.764,6.568,65.684,81.501,72.52,76.408,23.056,61.662,32.842,5.764,,,,,,,,,,,,,,,,,,,,,,,,,,,,,,,,,,,,,Male,Male,White,"english, polish",,german,Paid attention most of the time
2021-05-17 09:35:32,2021-05-17 09:42:17,IP Address,NA,98,404,FALSE,2021-05-24 09:42:19,R_1rreEHeM00Q2swO,,,,,NA,NA,social,EN,Yes,Native English speaker,,"I have some exposure to Japanese (such as through anime or J-pop), but have never systematically learned it",18 or older,"No, I do not suffer from any hearing impairments","No, I am able to see with visual aids, such glasses or contacts","Yes, I am in a quiet space",,"Yes, I am using headphones",,,,,,,,,,,,,,,,,,,,,,,,,,,,,,,,,,,,,71.314,14.879,75.335,39.41,68.231,60.054,54.155,73.324,54.424,68.499,68.365,32.306,11.796,23.19,7.507,1.743,0,1.206,2.413,13.673,42.225,38.606,58.445,41.555,23.324,70.241,29.088,36.729,18.365,30.831,26.139,25.603,24.397,9.92,31.635,16.89,Female,Female,White,English,,"Spanish, French",
2021-05-17 10:25:17,2021-05-17 10:25:50,IP Address,NA,10,33,FALSE,2021-05-24 10:25:51,R_32KCIWQUq4EMWEH,,,,,NA,NA,social,EN,Yes,Native English speaker,,"I have some exposure to Japanese (such as through anime or J-pop), but have never systematically learned it",18 or older,"No, I do not suffer from any hearing impairments","No, I am able to see with visual aids, such glasses or contacts","Yes, I am in a quiet space",,,,,,,,,,,,,,,,,,,,,,,,,,,,,,,,,,,,,,,,,,,,,,,,,,,,,,,,,,,,,,,,,,,,,,,,,,,,,,,,,
2021-05-24 20:50:58,2021-05-24 20:59:47,IP Address,NA,100,529,TRUE,2021-05-24 20:59:47,R_1LuJGFRPu8XQvc5,,,,,NA,NA,anonymous,EN,Yes,Native English speaker,,I have significant exposure to Japanese (such as from speaking or writing),18 or older,"No, I do not suffer from any hearing impairments","No, I do not suffer from any type of vision loss",,,,,,,,,,,,,,,,,,,,,,,,,,,,,,,,,,,,,,,,,,,,,,,,,,,,,,,,,,,,,,,,,,,,,,,,,,,,,,,,,,
2021-05-17 23:07:33,2021-05-17 23:10:13,IP Address,NA,77,159,FALSE,2021-05-24 23:10:14,R_zfhvWWil5UxVjJT,,,,,NA,NA,anonymous,EN,Yes,Native English speaker,,"I have some exposure to Japanese (such as through anime or J-pop), but have never systematically learned it",18 or older,"No, I do not suffer from any hearing impairments","No, I am able to see with visual aids, such glasses or contacts","Yes, I am in a quiet space",,"Yes, I am using headphones",,,,,,,,,,,,,,,,,,,,,,,,,,,,,,,,,,,,,78.284,31.233,68.633,40.483,,,45.308,19.705,,21.314,22.118,,,0,34.316,,0,0,0,,94.236,80.295,,,73.19,26.81,64.879,,,20.509,13.807,,,17.292,,0,,,,,,,
2021-05-25 12:31:53,2021-05-25 12:35:58,IP Address,NA,100,244,TRUE,2021-05-25 12:35:58,R_1KwNHZVLvDXvalY,,,,,NA,NA,social,EN,Yes,Native English speaker,,"I have some exposure to Japanese (such as through anime or J-pop), but have never systematically learned it",18 or older,"No, I do not suffer from any hearing impairments","No, I am able to see with visual aids, such glasses or contacts","Yes, I am in a quiet space",,"Yes, I am using headphones",,,,,,,,,,,,,,,,,,,,,,,,,,,,,,,,,,,,,26.408,15.55,57.507,35.791,13.673,38.74,32.038,25.469,27.614,41.555,10.992,27.078,21.046,42.761,52.413,16.89,0,33.646,38.606,0,75.469,84.853,90.214,68.097,60.59,61.796,78.418,41.153,28.284,23.458,0,27.48,25.469,0,18.901,0,Male,Male,Asian,English,Chinese,"English, Chinese, Japanese, Korean, Spanish",Paid attention most of the time
2021-05-25 12:53:03,2021-05-25 12:53:05,IP Address,NA,100,1,TRUE,2021-05-25 12:53:05,R_1r2J0Zs1pKz280V,,,,,NA,NA,social,EN,,,,,,,,,,,,,,,,,,,,,,,,,,,,,,,,,,,,,,,,,,,,,,,,,,,,,,,,,,,,,,,,,,,,,,,,,,,,,,,,,,,,,,,,,
2021-05-25 13:26:25,2021-05-25 13:31:45,IP Address,NA,100,319,TRUE,2021-05-25 13:31:45,R_usQeNYQkbPB69wd,,,,,NA,NA,social,EN,Yes,Fluent Non-English speaker,,"I have some exposure to Japanese (such as through anime or J-pop), but have never systematically learned it",18 or older,"No, I do not suffer from any hearing impairments","No, I do not suffer from any type of vision loss","Yes, I am in a quiet space",,"Yes, I am using headphones",11.528,87.936,10.858,89.946,82.038,86.729,88.74,18.901,83.646,12.332,14.611,89.142,96.381,85.389,89.812,10.322,17.56,15.55,12.332,0,90.483,89.142,81.233,86.327,12.064,85.523,17.158,16.756,92.627,91.019,83.512,82.574,9.786,20.107,16.488,13.673,,,,,,,,,,,,,,,,,,,,,,,,,,,,,,,,,,,,,Female,Female,White,"Swedish, English",German,,Paid attention most of the time
2021-05-25 14:16:01,2021-05-25 15:07:09,IP Address,NA,100,3067,TRUE,2021-05-25 15:07:09,R_2duSNH6rFYQHJHP,,,,,NA,NA,social,EN,Yes,Native English speaker,,"I have some exposure to Japanese (such as through anime or J-pop), but have never systematically learned it",18 or older,"No, I do not suffer from any hearing impairments","No, I am able to see with visual aids, such glasses or contacts","Yes, I am in a quiet space",,"Yes, I am using headphones",68.767,66.756,36.193,62.735,64.745,63.539,69.035,55.496,26.139,36.193,34.718,64.745,67.828,60.322,69.303,35.121,27.346,37.265,30.027,0,61.662,68.097,62.332,68.499,31.903,41.019,37.265,28.418,60.456,63.941,67.56,67.962,56.3,23.727,40.483,33.646,,,,,,,,,,,,,,,,,,,,,,,,,,,,,,,,,,,,,Female,Gender Nonconforming,White,"English, Russian",,"English, Russian",Paid close attention to all of the questions
2021-05-25 15:49:14,2021-05-25 15:53:58,IP Address,NA,100,283,TRUE,2021-05-25 15:53:58,R_1NhmCeWFRbBU3V2,,,,,NA,NA,social,EN,Yes,Native English speaker,,I have little or no exposure to Japanese,18 or older,"No, I do not suffer from any hearing impairments","No, I am able to see with visual aids, such glasses or contacts","Yes, I am in a quiet space",,"Yes, I am using headphones",,,,,,,,,,,,,,,,,,,,,,,,,,,,,,,,,,,,,73.592,26.676,65.416,71.85,70.241,79.357,72.922,65.282,69.035,74.397,75.201,28.954,26.944,21.984,25.737,28.954,0,21.582,28.954,25.067,81.099,76.676,75.067,79.893,79.491,72.252,70.375,79.088,26.944,31.769,32.038,27.48,15.818,24.531,32.842,29.625,Male,Male,Asian,"Mandarin, English",,French,Paid attention most of the time
2021-05-25 16:22:26,2021-05-25 16:22:31,IP Address,NA,100,4,TRUE,2021-05-25 16:22:31,R_3KNuAYfbwtEAbws,,,,,NA,NA,social,EN,,,,,,,,,,,,,,,,,,,,,,,,,,,,,,,,,,,,,,,,,,,,,,,,,,,,,,,,,,,,,,,,,,,,,,,,,,,,,,,,,,,,,,,,,
2021-05-25 16:22:40,2021-05-25 16:30:39,IP Address,NA,100,479,TRUE,2021-05-25 16:30:40,R_3iwhxoZwCc0cksI,,,,,NA,NA,social,EN,Yes,Native English speaker,,"I have some exposure to Japanese (such as through anime or J-pop), but have never systematically learned it",18 or older,"No, I do not suffer from any hearing impairments","No, I do not suffer from any type of vision loss","Yes, I am in a quiet space",,"Yes, I am using my device's speaker",,,,,,,,,,,,,,,,,,,,,,,,,,,,,,,,,,,,,0,0,100,100,100,100,100,100,0,0,100,0,0,0,100,100,0,0,100,0.268,100,100,0,100,0,0,100,0,0,100,0,100,0,0,0,0,Male,Male,Asian,English,,"English, German, Cantonese, Vietnamese",Paid attention most of the time
2021-05-25 18:17:41,2021-05-25 18:21:31,IP Address,NA,100,229,TRUE,2021-05-25 18:21:32,R_8CZKsVKgMNKs6Ln,,,,,NA,NA,anonymous,EN,Yes,Native English speaker,,I have little or no exposure to Japanese,18 or older,"No, I do not suffer from any hearing impairments","No, I am able to see with visual aids, such glasses or contacts","Yes, I am in a quiet space",,"Yes, I am using my device's speaker",60.59,100,0,100,100,75.737,100,83.78,22.52,37.802,0,98.794,100,83.378,100,23.861,25.335,23.592,0,0,100,100,70.241,100,21.582,27.212,17.694,0,100,100,87.668,98.794,31.903,0,25.335,0,,,,,,,,,,,,,,,,,,,,,,,,,,,,,,,,,,,,,Female,Female,Asian,English,,"Spanish, Hindi",Paid close attention to all of the questions
2021-05-25 22:19:03,2021-05-25 22:19:09,IP Address,NA,100,5,TRUE,2021-05-25 22:19:09,R_3hrS5qVwMoCxNJJ,,,,,NA,NA,social,EN,,,,,,,,,,,,,,,,,,,,,,,,,,,,,,,,,,,,,,,,,,,,,,,,,,,,,,,,,,,,,,,,,,,,,,,,,,,,,,,,,,,,,,,,,
2021-05-19 11:07:19,2021-05-19 11:08:17,IP Address,NA,19,58,FALSE,2021-05-26 11:08:21,R_wXK5C97gMIsv1BL,,,,,NA,NA,social,EN,Yes,Fluent Non-English speaker,,"I have some exposure to Japanese (such as through anime or J-pop), but have never systematically learned it",18 or older,"No, I do not suffer from any hearing impairments","No, I do not suffer from any type of vision loss","Yes, I am in a quiet space",,"Yes, I am using headphones",100,100,0,,,,,,,,,,,,,,,,,,,,,,,,,,,,,,,,,,,,,,,,,,,,,,,,,,,,,,,,,,,,,,,,,,,,,,,,,,,,
2021-05-19 11:46:37,2021-05-19 11:48:50,IP Address,NA,62,133,FALSE,2021-05-26 11:48:51,R_3eaEt4NydNVydxr,,,,,NA,NA,social,EN,Yes,Fluent Non-English speaker,,"I have some exposure to Japanese (such as through anime or J-pop), but have never systematically learned it",18 or older,"No, I do not suffer from any hearing impairments","No, I do not suffer from any type of vision loss","Yes, I am in a quiet space",,"Yes, I am using my device's speaker",,,,,,,,,,,,,,,,,,,,,,,,,,,,,,,,,,,,,100,0,100,,,,,,,,,1.34,,,4.155,,,,,,,,,11.528,14.477,,,,,,,,,,,,,,,,,,
2021-05-19 14:54:33,2021-05-19 14:57:23,IP Address,NA,52,169,FALSE,2021-05-26 14:57:29,R_2c1SoNm2K6gjH8o,,,,,NA,NA,social,EN,Yes,Native English speaker,,"I have some exposure to Japanese (such as through anime or J-pop), but have never systematically learned it",18 or older,"No, I do not suffer from any hearing impairments","No, I am able to see with visual aids, such glasses or contacts","Yes, I am in a quiet space",,"Yes, I am using headphones",66.756,81.233,67.292,73.592,73.056,67.158,67.292,38.204,35.925,60.188,,68.633,71.984,69.437,74.933,34.584,33.378,23.19,0,0,66.89,78.82,68.097,80.027,34.718,2.547,32.574,9.115,91.421,75.737,69.303,74.397,33.378,36.863,40.751,31.903,,,,,,,,,,,,,,,,,,,,,,,,,,,,,,,,,,,,,,,,,,,
2021-05-19 15:58:18,2021-05-19 15:59:53,IP Address,NA,55,94,FALSE,2021-05-26 15:59:54,R_1OIcYroUL1lcluE,,,,,NA,NA,social,EN,Yes,Native English speaker,,I have little or no exposure to Japanese,18 or older,"No, I do not suffer from any hearing impairments","No, I am able to see with visual aids, such glasses or contacts","Yes, I am in a quiet space",,"Yes, I am using my device's speaker",,,,,,,,,,,,,,,,,,,,,,,,,,,,,,,,,,,,,72.654,,,,,,,,,,,,,,,,,,,,,,,,,,,,,,,,,,,,,,,,,,
2021-05-19 19:03:36,2021-05-19 19:04:36,IP Address,NA,53,59,FALSE,2021-05-26 19:04:37,R_2sYWSGgYrj3KEer,,,,,NA,NA,social,EN,Yes,Native English speaker,,I have little or no exposure to Japanese,18 or older,"No, I do not suffer from any hearing impairments","No, I am able to see with visual aids, such glasses or contacts","Yes, I am in a quiet space",,"Yes, I am using headphones",,,,,,,,,,,,,,,,,,,,,,,,,,,,,,,,,,,,,,,,,,,,,,,,,,,,,,,,,,,,,,,,,,,,,,,,,,,,,,,
2021-05-19 19:05:03,2021-05-19 19:05:45,IP Address,NA,19,42,FALSE,2021-05-26 19:05:46,R_2TRAo4KPvO55ByT,,,,,NA,NA,social,EN,Yes,Native English speaker,,I have little or no exposure to Japanese,18 or older,"No, I do not suffer from any hearing impairments","No, I am able to see with visual aids, such glasses or contacts","Yes, I am in a quiet space",,"Yes, I am using headphones",98.66,88.204,90.214,,,,,,,,,,,,,,,,,,,,,,,,,,,,,,,,,,,,,,,,,,,,,,,,,,,,,,,,,,,,,,,,,,,,,,,,,,,,
2021-05-19 22:39:04,2021-05-19 22:39:44,IP Address,NA,3,39,FALSE,2021-05-26 22:39:47,R_3etB13Cw3cGd95Y,,,,,NA,NA,social,EN,Yes,,,,,,,,,,,,,,,,,,,,,,,,,,,,,,,,,,,,,,,,,,,,,,,,,,,,,,,,,,,,,,,,,,,,,,,,,,,,,,,,,,,,,,,,
2021-05-20 15:59:40,2021-05-20 16:02:13,IP Address,NA,65,153,FALSE,2021-05-27 16:02:15,R_1GvKg6AyEMoPxec,,,,,NA,NA,social,EN,Yes,Fluent Non-English speaker,,I have little or no exposure to Japanese,18 or older,"No, I do not suffer from any hearing impairments","No, I do not suffer from any type of vision loss","Yes, I am in a quiet space",,"Yes, I am using headphones",,,,,,,,,,,,,,,,,,,,,,,,,,,,,,,,,,,,,100,37.936,67.56,,62.198,,,66.22,,,,,,51.34,,,,,,,,,,,,39.678,,,6.836,,7.239,,10.188,,,,,,,,,,
2021-05-28 11:53:18,2021-05-28 11:53:21,IP Address,NA,100,2,TRUE,2021-05-28 11:53:21,R_2D0vJkBvTjQc6jE,,,,,NA,NA,social,EN,,,,,,,,,,,,,,,,,,,,,,,,,,,,,,,,,,,,,,,,,,,,,,,,,,,,,,,,,,,,,,,,,,,,,,,,,,,,,,,,,,,,,,,,,
2021-05-28 11:54:15,2021-05-28 12:03:33,IP Address,NA,100,557,TRUE,2021-05-28 12:03:33,R_3EYhfpA9j1pFIce,,,,,NA,NA,social,EN,Yes,Native English speaker,,I have little or no exposure to Japanese,18 or older,"No, I do not suffer from any hearing impairments","No, I do not suffer from any type of vision loss","Yes, I am in a quiet space",,"Yes, I am using my device's speaker",80.161,94.504,18.231,88.874,86.729,85.523,91.019,19.035,21.984,15.684,12.735,89.41,92.359,88.07,90.349,16.086,19.705,19.973,19.571,0,88.874,91.555,88.07,93.298,17.694,14.343,18.365,17.962,87.399,89.142,87.802,87.399,20.777,15.282,16.354,21.716,,,,,,,,,,,,,,,,,,,,,,,,,,,,,,,,,,,,,Male,Male,White,English,,Spanish,Paid close attention to all of the questions
2021-05-28 12:10:53,2021-05-28 12:18:31,IP Address,NA,100,457,TRUE,2021-05-28 12:18:32,R_2TmA8ESA6BqclAI,,,,,NA,NA,social,EN,Yes,Fluent Non-English speaker,,I have little or no exposure to Japanese,18 or older,"No, I do not suffer from any hearing impairments","No, I am able to see with visual aids, such glasses or contacts","Yes, I am in a quiet space",,"Yes, I am using headphones",25.067,83.78,58.445,73.995,79.357,75.603,70.912,66.22,7.909,21.716,66.622,26.676,72.386,36.863,63.807,33.244,7.373,71.046,71.448,0,38.874,41.689,31.233,60.992,75.871,14.209,22.654,81.635,34.853,65.952,68.499,30.295,63.003,8.445,26.139,69.705,,,,,,,,,,,,,,,,,,,,,,,,,,,,,,,,,,,,,Male,Male,Asian,"Bengali, English",Hindi,Hindi,Paid close attention to all of the questions
2021-05-28 13:02:37,2021-05-28 13:02:43,IP Address,NA,100,6,TRUE,2021-05-28 13:02:44,R_2nlqzeyJZl7sYQV,,,,,NA,NA,social,EN,,,,,,,,,,,,,,,,,,,,,,,,,,,,,,,,,,,,,,,,,,,,,,,,,,,,,,,,,,,,,,,,,,,,,,,,,,,,,,,,,,,,,,,,,
2021-05-21 14:07:58,2021-05-21 14:21:28,IP Address,NA,58,810,FALSE,2021-05-28 14:21:31,R_cuNnku0l0VUmr3r,,,,,NA,NA,social,EN,Yes,Native English speaker,,"I have some exposure to Japanese (such as through anime or J-pop), but have never systematically learned it",18 or older,"No, I do not suffer from any hearing impairments","No, I am able to see with visual aids, such glasses or contacts","Yes, I am in a quiet space",,"Yes, I am using my device's speaker",,,,,,,,,,,,,,,,,,,,,,,,,,,,,,,,,,,,,12.735,18.499,71.984,,,,,,,,,,,,,,,,,,,,,,,,,,,,,,,,,,,,,,,,
2021-05-21 15:00:33,2021-05-21 15:02:13,IP Address,NA,19,100,FALSE,2021-05-28 15:02:14,R_2WZmkYqTQiLRmtn,,,,,NA,NA,social,EN,Yes,Native English speaker,,"I have some exposure to Japanese (such as through anime or J-pop), but have never systematically learned it",18 or older,"No, I do not suffer from any hearing impairments","No, I do not suffer from any type of vision loss","Yes, I am in a quiet space",,"Yes, I am using headphones",69.303,73.056,18.097,,,,,,,,,,,,,,,,,,,,,,,,,,,,,,,,,,,,,,,,,,,,,,,,,,,,,,,,,,,,,,,,,,,,,,,,,,,,
2021-05-21 16:03:18,2021-05-21 16:03:56,IP Address,NA,8,38,FALSE,2021-05-28 16:03:57,R_27wMamIQ8BBUyIf,,,,,NA,NA,social,EN,Yes,Native English speaker,,I have little or no exposure to Japanese,18 or older,"No, I do not suffer from any hearing impairments","No, I am able to see with visual aids, such glasses or contacts",,,,,,,,,,,,,,,,,,,,,,,,,,,,,,,,,,,,,,,,,,,,,,,,,,,,,,,,,,,,,,,,,,,,,,,,,,,,,,,,,,
2021-05-22 10:01:59,2021-05-22 10:04:03,IP Address,NA,64,124,FALSE,2021-05-29 10:04:07,R_2rITlsgp5hXyFH2,,,,,NA,NA,social,EN,Yes,Native English speaker,,I have little or no exposure to Japanese,18 or older,"No, I do not suffer from any hearing impairments","No, I do not suffer from any type of vision loss","Yes, I am in a quiet space",,"Yes, I am using my device's speaker",,,,,,,,,,,,,,,,,,,,,,,,,,,,,,,,,,,,,73.592,34.718,49.464,,,,,,49.464,,,,,5.228,3.083,,,,3.083,,,,,49.464,49.464,,,,,,,,,,,,,,,,,,
2021-05-22 17:15:57,2021-05-22 17:18:02,IP Address,NA,56,125,FALSE,2021-05-29 17:18:03,R_2s5Z4ImE2JRW4ht,,,,,NA,NA,social,EN,Yes,Fluent Non-English speaker,,I have little or no exposure to Japanese,18 or older,"No, I do not suffer from any hearing impairments","No, I do not suffer from any type of vision loss","Yes, I am in a quiet space",,"Yes, I am using headphones",,,,,,,,,,,,,,,,,,,,,,,,,,,,,,,,,,,,,11.126,84.584,,,,,,,,,,,,,,,,,,,,,,,,,,,,,,,,,,,,,,,,,